{"mass": [5151.0, 1617.54296875, 960.8250732421875, 653.1743774414062, 544.7102661132812, 500.04052734375, 489.788330078125, 490.59185791015625, 495.9675598144531, 503.4898376464844, 510.55255126953125, 515.4921875, 518.8753051757812, 520.8385009765625, 522.26220703125, 523.0531005859375, 523.5130615234375, 524.004150390625, 524.4444580078125, 524.7564086914062, 525.1145629882812, 525.5787963867188, 525.97802734375, 526.250732421875, 526.3380126953125, 526.314208984375, 526.2293701171875, 526.081298828125, 525.880126953125, 525.6324462890625, 525.3580322265625, 525.0565795898438, 524.7315673828125, 524.4000244140625, 524.0792236328125, 523.787109375, 523.5125122070312, 523.2174072265625, 522.891357421875, 522.5474853515625, 522.198486328125, 521.8440551757812, 521.482177734375, 521.14697265625, 520.824462890625, 520.5245971679688, 520.2587280273438, 520.0462036132812, 519.8893432617188, 519.7645263671875, 519.6734008789062], "compliance": [0.0008126161004450694, 0.17820518064890617, 0.09393370748988997, 0.15064635016906383, 0.2222307243838233, 0.15720397716826628, 0.02706639455424434, 0.15932070297576312, 0.09361350491576241, 0.01396806459446478, 0.01821393935471295, 0.21674309737076403, 0.0006147510273905414, 0.20276750406119742, 0.011265588545073122, 0.10595440012623807, 0.02405793688791927, 0.07654278751450792, 0.06550522043184924, 0.03415850656279257, 0.009331573178493837, 0.11314029234672958, 0.012898299139710565, 0.014460675445558431, 0.03696449993546693, 0.060171038313755906, 0.023759504657662286, 0.029241040716140594, 0.034902125716144344, 0.07232290233988121, 0.035125972120571405, 0.03296319536168574, 0.03423597478671391, 0.021552818115215592, 0.019473441686715907, 0.0174593616867404, 0.019272665917155807, 0.03605898244004525, 0.032949302780369276, 0.028410483343907854, 0.03401909352876776, 0.012600394300471825, 0.04197430008827163, 0.04273758077524173, 0.047667268537168114, 0.1172563680843482, 0.04198197435804218, 0.03651343233462597, 0.03683769570580282, 0.003110086674432598, 0.03977562596632155], "stress": [38344.6716910128, 6681814.776700679, 3472310.504815585, 4065754.2175876484, 3583522.9753779992, 4478604.670485506, 3831298.6040842477, 4239689.759229888, 5327561.809247828, 4722020.016432423, 3881951.582441251, 3357096.2549209734, 3048486.509755607, 3342865.175419407, 2811692.422058522, 3226251.7043298017, 2711651.8011937574, 2413566.25912957, 2436241.137208191, 2352469.3351315507, 2268569.967261095, 2515742.887246745, 2112913.994089896, 2212724.8077428243, 2296645.306265965, 2058251.3332021786, 2317226.6037649876, 2275472.3245562906, 2315370.1021080534, 2292942.6261797785, 2388962.113916455, 2394365.633500343, 2329018.497388935, 2404298.3347244947, 2426370.9882561895, 2372281.146576325, 2421334.0588919055, 2415330.682062632, 2389984.895054281, 2444117.6922271512, 2418883.093226907, 2398027.641615856, 2487217.6730882158, 2417287.2279517287, 2280115.1768230596, 2359393.776333587, 2418854.432414, 2445144.338046672, 2381758.514129002, 2386535.1399160405, 2465618.845079864]}