{"mass": [5151.0, 1621.95703125, 1081.8966064453125, 804.6378173828125, 667.5345458984375, 632.5982666015625, 618.6903076171875, 610.2025146484375, 603.2950439453125, 600.069580078125, 598.6865234375, 597.2899169921875, 595.3765869140625, 593.2547607421875, 590.8740234375, 588.4063720703125, 585.997802734375, 583.668701171875, 581.465576171875, 579.2881469726562, 577.1574096679688, 575.264892578125, 573.5197143554688, 571.895751953125, 570.35888671875, 569.0403442382812, 567.6548461914062, 566.0467529296875, 564.24365234375, 562.289794921875, 560.0637817382812, 557.6360473632812, 555.225830078125, 553.0813598632812, 551.258544921875, 549.6998291015625, 548.4421997070312, 547.2459716796875, 546.19873046875, 545.6649780273438, 545.4365234375, 545.4490966796875, 545.4567260742188, 545.4185791015625, 545.3719482421875, 545.3364868164062, 545.3561401367188, 545.4114990234375, 545.4974975585938, 545.5623168945312, 545.6007690429688], "compliance": [0.0005828113623730359, 0.24354926771723737, 45.02499491859371, 1.1056340317103686, 0.27078680202106703, 0.24766240571849482, 0.14707665636839767, 0.4782202963191703, 0.19964692058015, 1.3005928018972406, 23.966265178098382, 0.6462463450004182, 0.8108457452277233, 0.7000697586106762, 0.03751748358035884, 0.7001942000277489, 0.6491545274305092, 0.8411971238228977, 0.7140413591289024, 2.6721236430211595, 0.07776273025485492, 0.8673565646100038, 0.9315088183720197, 0.15571922259303686, 0.6122888691427348, 0.3689526530127559, 0.7245998195919398, 4.178118886951484, 0.23892852690450544, 0.5163696268498992, 0.06547606115272639, 1.6413839381572717, 0.9365624556236635, 0.7457992288491356, 0.6074647595486007, 0.5160221064415598, 0.3083516092893247, 0.19282785721799411, 0.46435133725169303, 2.476189942600093, 5.370429507161704, 0.15684656009179365, 33.24266488909876, 0.9493078272125074, 0.6439919950535102, 1.624068290180384, 5.509603486008751, 0.06897345229091303, 0.2508426351445111, 1.2243074318732041, 0.07533355825986554], "stress": [66316.42296811091, 9552960.767813845, 30722332.509067062, 9739928.59123963, 17060466.235308837, 23758557.199681647, 29696166.989240363, 32203444.61923, 35955721.5210873, 37793690.0650037, 41190011.532205306, 46999716.78783996, 50884729.46850798, 57779497.39985153, 60024116.67694024, 60099267.85082385, 61584183.23350214, 63419707.53540832, 63570681.4726609, 75757795.09470706, 64831820.89124305, 67753091.00907344, 59255640.10101498, 69343894.47872432, 75131923.54891193, 72644131.52581064, 69080633.93880253, 65497045.22838676, 67432340.38580263, 69077852.85050786, 61795166.226802215, 71943143.71675497, 69574010.96073812, 73102791.78896895, 67637335.00168875, 78785101.3659944, 71203235.97645551, 72392982.92891048, 75151994.26994388, 74130867.07059816, 108598443.73030584, 68542988.69439259, 145563297.7010523, 71185956.72724546, 71978441.76966937, 71485473.48656039, 150028061.49420148, 74478423.50252727, 77192710.79806757, 69775726.24246639, 68696848.00350447]}