{"mass": [5151.0, 1596.2020263671875, 1276.0, 929.084716796875, 737.1753540039062, 651.071044921875, 618.7471313476562, 609.7423095703125, 610.7010498046875, 613.78662109375, 616.9022216796875, 619.67724609375, 622.0128173828125, 623.8253173828125, 625.1856079101562, 626.64453125, 628.4713134765625, 630.346923828125, 632.1795654296875, 633.943603515625, 635.6513671875, 637.3121337890625, 638.8878173828125, 640.4247436523438, 642.0120849609375, 643.61669921875, 645.2020263671875, 646.7610473632812, 648.3055419921875, 649.8180541992188, 651.32763671875, 652.8023071289062, 654.2003173828125, 655.5640869140625, 656.85302734375, 658.1153564453125, 659.4047241210938, 660.7122802734375, 662.0164794921875, 663.26220703125, 664.434814453125, 665.5052490234375, 666.4480590820312, 667.269287109375, 667.9906005859375, 668.6435546875, 669.2811279296875, 669.9332885742188, 670.5996704101562, 671.276611328125, 671.955810546875], "compliance": [0.0015182789969872526, 1.7602818751791272, 5.104634892854325, 0.795915753472152, 0.8655322076495968, 1.223083488495846, 3.1238243523320413, 0.12056565674807683, 5.042928690444123, 0.7640133319321686, 1.7666200523547668, 1.0798028695551907, 0.9463611871789342, 0.3465643366653904, 0.5448560701632658, 6.503412900380187, 2.092559650401457, 97.45476293859446, 1.419608445688095, 1.3041108427740005, 6.636875703162156, 0.722092721998931, 0.4028253284239256, 1.2001602839094496, 1.4127083065329245, 0.05896480743848345, 0.7895637158182496, 11.825512485152856, 0.30369022192070727, 0.10719238710061352, 0.6095344313139005, 1.1314341954102498, 0.993317842446846, 0.26941692880871615, 1.826479288704563, 2.001035070091828, 4.314244694113565, 0.055944435248653224, 1.7842565752076804, 0.010017611649420097, 0.6600116255248171, 0.2930775776114082, 0.21398120799499126, 2.6936400808086565, 0.7524720690767424, 4.203314731418739, 10.462861217862237, 0.14001926446596552, 0.6316354774105781, 1.4648546757241274, 0.017974906694160186], "stress": [67582.87911624162, 18261057.25129185, 13470941.933738885, 20097065.683544967, 30401062.25897941, 27179039.60558124, 29262656.753868878, 25669844.265436318, 106150212.9053814, 24555182.29172224, 24823493.78406322, 22516469.691436928, 20940942.39763319, 23331702.3796948, 25379098.336301386, 48595450.34596987, 35471535.44046386, 231262442.31352606, 20985877.141250193, 19405803.12092546, 26897385.10870464, 20800295.995773558, 23649067.937617783, 20809410.96110448, 23203555.009754654, 25847256.60765617, 22446005.814939357, 15095855.475958128, 24485841.006082963, 23101685.923208293, 23639691.425157707, 19821874.94814659, 19827813.17996299, 22450859.775287274, 22178896.477743607, 19243394.819719777, 8943673.513601752, 24225142.30920839, 24256557.388530657, 30075067.592903774, 26502435.478084758, 22978950.544896066, 23167727.156830303, 33693940.680887274, 20304671.314278018, 15774665.685167635, 76881256.64216854, 21312048.443291135, 30970507.06165303, 23944264.055701535, 22916629.46359048]}