{"mass": [5151.0, 1684.427734375, 1088.4730224609375, 783.0902099609375, 634.6140747070312, 565.8968505859375, 540.5725708007812, 535.419921875, 536.498291015625, 538.4310302734375, 539.9327392578125, 541.26708984375, 542.5045776367188, 543.636962890625, 544.6737060546875, 545.6739501953125, 546.641845703125, 547.5864868164062, 548.529296875, 549.5028686523438, 550.4598388671875, 551.4077758789062, 552.33203125, 553.232421875, 554.105224609375, 554.929931640625, 555.7303466796875, 556.5177612304688, 557.3031005859375, 558.1131591796875, 558.9340209960938, 559.7437133789062, 560.5648193359375, 561.4063110351562, 562.25830078125, 563.125244140625, 564.0118408203125, 564.9058227539062, 565.816650390625, 566.7534790039062, 567.7348022460938, 568.7601928710938, 569.7987670898438, 570.833251953125, 571.8773193359375, 572.925048828125, 573.9441528320312, 574.9414672851562, 575.9180908203125, 576.8696899414062, 577.8250732421875], "compliance": [0.0004027093019789221, 0.5062786320591552, 1.5566434550899249, 1.1445236714898697, 0.7563340802322532, 0.2954394246917709, 0.5131143156975978, 0.40695629251711113, 0.6833269040934703, 0.3253191605808304, 0.7293317089185419, 0.33850974028652536, 0.5073818665004899, 0.02699800234488478, 0.210212256092745, 0.43780131322905513, 0.38926390239900693, 0.9866939975251711, 0.330012627707552, 0.4090647968643585, 0.40014814126175613, 0.11884570800891764, 0.34192071227147164, 10.55686980126221, 3.9296165205006117, 2.435185875662606, 0.3876368396287634, 0.4045213297286669, 0.20386622473777288, 0.38681240220657576, 1.2324375226254523, 0.4002192409346814, 1.0965155337790378, 0.16779227642850647, 0.38249200328824756, 0.474647584627566, 0.527844567701507, 0.323632061967238, 0.5504868038471817, 0.4837846744537538, 0.4031730258275466, 0.31994314758074754, 0.4868367796034557, 0.3956408479782204, 0.28107632488966083, 0.23692679952769338, 0.2523461747336529, 0.3474215744328527, 0.35768502207819663, 0.4584348228542629, 0.02885908916430481], "stress": [36605.21755718132, 9014009.149119638, 17910108.369248666, 17134847.606676515, 19924731.931989007, 17114600.087976515, 18947978.285620276, 20267925.558344115, 19661239.23329567, 17943971.19900874, 18062654.813786656, 18175886.81061326, 20305401.171531625, 18610182.617121674, 18006555.365286518, 18614801.364454847, 17642249.961675383, 11111298.85505427, 16164766.626815403, 16045390.512052886, 16574339.777461695, 15873507.071659278, 16168426.567687875, 64844884.605205216, 9560295.623685416, 23741763.601901382, 14661870.827857327, 15143459.996522218, 13128612.217929097, 16697459.232827151, 15928559.076639183, 14219777.368060684, 21711215.831230883, 13617567.778022764, 13983230.84933229, 13861736.036207717, 13917016.825827751, 13257055.420781653, 11494082.737023482, 12830946.043086883, 12966757.923719782, 12776796.641315646, 11803842.951812128, 12577306.953237634, 12210408.176799575, 10880098.553184066, 12694233.277360862, 11664313.812714146, 11403313.496298375, 12516056.997501342, 9930550.109636482]}