{"mass": [5151.0, 1705.162109375, 1255.082763671875, 984.6444091796875, 831.45751953125, 769.17626953125, 746.1004638671875, 740.787109375, 741.2801513671875, 742.513427734375, 744.6860961914062, 748.08935546875, 752.8001708984375, 756.8341064453125, 759.750244140625, 761.2269897460938, 762.2017211914062, 762.1939697265625, 761.527587890625, 760.4597778320312, 759.3623046875, 758.5775146484375, 757.8658447265625, 757.259521484375, 756.805908203125, 756.4317626953125, 756.18994140625, 756.1568603515625, 756.464599609375, 757.0612182617188, 757.9457397460938, 759.0193481445312, 760.363037109375, 761.8154296875, 763.2764892578125, 764.6735229492188, 766.06787109375, 767.566650390625, 769.1082763671875, 770.609130859375, 772.1810302734375, 773.6270141601562, 774.917724609375, 776.1079711914062, 777.147705078125, 778.0574951171875, 778.9338989257812, 779.7265625, 780.2642822265625, 780.7318115234375, 781.1221923828125], "compliance": [0.0014480425840794277, 1.0509618572766042, 0.5058927244210291, 0.307934641587249, 0.3116058118208153, 0.3971436321755579, 0.36872159271619875, 0.32567781894121156, 0.28713603156005557, 0.2610061996054758, 0.24553864319555987, 0.229067227715013, 0.2185385396214159, 0.1747627368422837, 0.16096089379002537, 0.15662167063610052, 0.13824637166648013, 0.11914790070986186, 0.15142287973634022, 0.13777542488001018, 0.14691941381760018, 0.13774822220482694, 0.14495330382430976, 0.15450933960670388, 0.14361572292024483, 0.1400319150967394, 0.14053647469464528, 0.1395984267229623, 0.1417433955552311, 0.1399045946207633, 0.13864385725721307, 0.14472057509161432, 0.1372544498831878, 0.13607306441348913, 0.13379184918741105, 0.13493153041076272, 0.13380193801582083, 0.13336442558761363, 0.1342479497019623, 0.1310801612553381, 0.13161016106830362, 0.13273522592530682, 0.12157255913118503, 0.13043462672399608, 0.1302352412768591, 0.13201771720052316, 0.13275385035577542, 0.133376187791242, 0.1301195828905037, 0.13152881684008538, 0.13199320057528752], "stress": [35264.24836947934, 10845362.909966024, 4789570.278446627, 6154424.974625273, 7694973.945434186, 10138733.046370503, 12282895.083506366, 13791226.95270569, 14744703.550556118, 14705802.061934197, 13826986.081963249, 11529517.903662596, 9783556.013982661, 8103017.769869793, 6506011.556119904, 5904474.081557403, 5104158.490412352, 5041256.25869626, 5756784.703335516, 6080404.276160014, 6399063.892091933, 6246683.198271107, 6259339.315027831, 6016916.638447071, 6195768.258655068, 6340524.456559045, 6453337.574177038, 6415221.957762676, 6522409.884095471, 6387435.254810517, 6365753.955250634, 6167960.819272178, 5974262.9082427425, 5789944.207254759, 5496966.097677304, 5322392.264029061, 5204429.344870792, 4878087.2168853115, 4539486.12699919, 4660402.545841182, 4522616.899241953, 4620820.307596051, 4436042.764850382, 4472238.3472239245, 4559653.256576709, 4899575.826892012, 4617244.587078188, 4773874.174702703, 4909601.89966886, 4941112.806717309, 5039132.636780295]}