{"mass": [5151.0, 1619.98876953125, 1033.870849609375, 761.4861450195312, 594.48486328125, 494.1475830078125, 441.9397888183594, 422.68145751953125, 416.9081726074219, 414.4130859375, 412.4616394042969, 411.1012268066406, 410.14154052734375, 410.2005310058594, 410.6440124511719, 411.05029296875, 411.35162353515625, 411.535400390625, 411.5909423828125, 411.52978515625, 411.39788818359375, 411.2044372558594, 410.9791259765625, 410.756591796875, 410.5211181640625, 410.26373291015625, 409.97760009765625, 409.65557861328125, 409.2996826171875, 408.9367980957031, 408.57635498046875, 408.2119140625, 407.85211181640625, 407.48602294921875, 407.0958251953125, 406.66448974609375, 406.1613464355469, 405.5552978515625, 404.82293701171875, 404.02838134765625, 403.36767578125, 402.8610534667969, 402.4141845703125, 402.0119934082031, 401.67572021484375, 401.4083251953125, 401.21429443359375, 401.0713806152344, 400.9607849121094, 400.87347412109375, 400.8011474609375], "compliance": [0.0026315195699292055, 1.5656789511702285, 2.2089630208759985, 2.6273641855123646, 2.4660349586302015, 2.1195550679183266, 1.6950642500077149, 2.2851844545823115, 2.2703215541859465, 2.0578674739802207, 1.9642492748104596, 1.8638708095857037, 1.5018183743309688, 1.6668835212912971, 1.6114346031579276, 1.5961555343463902, 1.5943098909136266, 1.5690064856173656, 1.8261841823650582, 1.316431308083289, 1.7795805516841992, 3.593328174275684, 1.2235349581902106, 1.4584746689017043, 1.3372718915085124, 1.4170929166717479, 1.5669131274797836, 1.3162568615196162, 1.3068678200109363, 1.678556012514656, 1.4633736872051748, 8.18583215479979, 1.3929657363459842, 1.2903768259096189, 1.0290161189432074, 1.39508360094205, 1.1048688368214215, 1.7383332930027213, 2.6808275016661014, 1.9039406628241644, 1.7622404378476513, 1.6183155860976504, 3.228499439854638, 0.8280603202491967, 1.6690626582623695, 1.324195317601472, 3.2086842706510335, 1.5048212620383963, 1.5325366182131654, 1.5966792743221456, 1.5984396059867092], "stress": [49974.38441765602, 10167781.688268926, 31389813.150150504, 27017558.21443073, 31078712.90438209, 28306869.28824485, 32653679.403031714, 30971487.67110345, 28714338.963024244, 27245279.63579548, 23893085.940233875, 20858724.594277132, 18865875.77079543, 18255714.34155629, 17740503.159197737, 17632222.95299961, 17191147.173342478, 16647446.238369558, 18243187.360953838, 16550158.872574873, 18124968.72117774, 28597894.95777128, 15238770.166057872, 17345841.535160903, 17185243.102358114, 15234265.516065955, 17896164.043715727, 17886847.731119074, 17946810.602573864, 17857193.21734597, 20243173.93419886, 42539132.44663879, 17771370.562919073, 16588343.26077119, 11851958.646650452, 17455201.728627827, 16861351.073240772, 19365980.922691904, 21834549.291594453, 17958134.13089503, 18886300.380074058, 19255978.626045577, 17820324.69296226, 14419263.112811195, 19037791.144276217, 18940406.83634593, 22668352.567800853, 19597124.52435256, 19615808.830079205, 18409625.403427314, 18465296.071293633]}