{"mass": [5151.0, 1654.7537841796875, 1297.7379150390625, 925.9757690429688, 752.645263671875, 656.4141235351562, 611.4805297851562, 592.44873046875, 586.3299560546875, 586.2160034179688, 587.3385620117188, 588.3724365234375, 589.2488403320312, 589.8966674804688, 590.3839721679688, 590.7650146484375, 591.1166381835938, 591.4520874023438, 591.7804565429688, 592.120849609375, 592.5166015625, 592.9891967773438, 593.5223388671875, 594.05810546875, 594.5443115234375, 594.9573364257812, 595.3065795898438, 595.5704345703125, 595.7310791015625, 595.8585815429688, 595.9579467773438, 596.0374145507812, 596.0826416015625, 596.121337890625, 596.17724609375, 596.22119140625, 596.23681640625, 596.228515625, 596.203857421875, 596.142578125, 596.063232421875, 595.956787109375, 595.8544921875, 595.7418823242188, 595.6195068359375, 595.4849853515625, 595.3699951171875, 595.2684326171875, 595.1827392578125, 595.0897216796875, 595.0249633789062], "compliance": [0.001470810275611058, 0.7252308455939075, 1.970981010087333, 17.544234613893458, 1.8521806447380913, 2.070585242990361, 3.111116458932868, 2.6449884747021866, 0.6210780293563856, 4.203696434593916, 2.8643610635726926, 1.785720299974261, 0.027158704749926516, 3.081073398354799, 1.3802548397440784, 3.481605268983004, 0.19527621772559503, 0.833423284393437, 2.4461366839413046, 1.7183405107960021, 4.305827710533239, 16.468274842750564, 25.574110773690265, 0.6767891683430892, 0.5531871741727475, 0.023875670211037606, 0.31348033679672654, 1.7261199958229276, 1.0614056539485328, 2.102257915599628, 6.679357824138468, 1.8034664912810188, 5.478969139400233, 0.649976002176469, 0.8763292014992602, 1.5499204120760992, 1.7268734279181936, 0.38712484668483665, 62.80593723136464, 1.3966459489737462, 0.29658579223895926, 0.8017382768191746, 1.5022917004978462, 2.4316647275789802, 4.671621299591277, 1.7425411380493776, 0.046289670204532445, 0.7416103121716139, 1.6307078186258093, 0.1442190952520834, 0.1531695360568741], "stress": [53939.853961585264, 11492538.327481152, 21462442.25644225, 58946787.84264752, 35756929.0190746, 37719810.064302236, 35616539.49359369, 32958585.141575247, 25538373.412715748, 92045196.86907212, 41993763.890503384, 33522621.771025497, 36978091.46240611, 32612847.960442644, 38432975.54853882, 38458327.722618856, 33337356.40409881, 34164626.655266106, 34735891.37791247, 33670915.714278445, 33929708.42302332, 21294909.00679351, 42801099.54647648, 29376879.166235086, 32068556.791758753, 27328186.21374807, 28198681.792790562, 33054315.997451004, 32092311.924294993, 32823267.959588937, 19733687.321205273, 27245199.339690596, 51756950.07371327, 31731049.850722227, 27721561.583035212, 31193023.55609735, 31319683.884269454, 28809525.870918978, 47320446.6536829, 30146062.538047016, 30637846.340657193, 32792711.315817177, 33851073.85500625, 34739585.83675666, 37843679.5678807, 15736365.41373378, 21910716.52436183, 29700277.111407705, 29679134.041431718, 27337856.40178824, 30984086.77711621]}