{"mass": [5151.0, 1610.165771484375, 840.62060546875, 644.5120849609375, 541.9944458007812, 481.0277404785156, 454.4293518066406, 446.5848388671875, 444.49102783203125, 444.07025146484375, 443.79266357421875, 443.25592041015625, 442.99114990234375, 443.00836181640625, 443.15960693359375, 443.28887939453125, 443.58416748046875, 443.972900390625, 444.07568359375, 444.23944091796875, 444.56744384765625, 444.8262939453125, 444.9478454589844, 445.0373840332031, 445.13238525390625, 445.2030029296875, 445.2457580566406, 445.270751953125, 445.241943359375, 445.1247253417969, 444.9858703613281, 444.8520812988281, 444.7571105957031, 444.7101745605469, 444.7106018066406, 444.76904296875, 444.8474426269531, 444.9519958496094, 445.063720703125, 445.1483459472656, 445.19720458984375, 445.2266540527344, 445.22906494140625, 445.2130126953125, 445.18402099609375, 445.17962646484375, 445.1854248046875, 445.1900329589844, 445.2149658203125, 445.254638671875, 445.294677734375], "compliance": [0.00037571506900169167, 0.17081564919075617, 0.1882638655927928, 0.09841042965364213, 0.12438197189664484, 0.1009148442886951, 0.18168913289589478, 0.3783911010556391, 0.32114883018421625, 0.27835335531802224, 0.105379567066002, 0.15929131902712457, 0.7334235706209576, 0.07237282949288301, 0.21881357098124465, 0.11076077695301852, 0.5009449284841425, 1.6051323623537672, 0.290102768915248, 0.3460431636740235, 0.12363428953247584, 0.10843691161556555, 0.10061584999323607, 0.20651797901337104, 3.2697626070688544, 0.01725666130767047, 0.04919091281287756, 0.6090716669621081, 0.11500046949426658, 0.4655756987022885, 0.2780323086322755, 0.23296312132609126, 0.23350395620461142, 0.2856540650914136, 0.215594677517771, 1.338796408060283, 0.5847496082767085, 0.17360229176191552, 7.288515053118741, 0.9322458847248729, 0.07239072715491605, 0.20851637254366384, 0.4497365452330006, 0.3290083964757477, 0.253426986554883, 1.1771889532875792, 0.2417441067034174, 0.280987783033412, 0.26351725704449863, 0.2054671266669842, 0.08284217523461752], "stress": [51083.42480266288, 10145572.267851673, 14307235.475671872, 14612907.322906185, 20324182.17291241, 21620491.65037693, 27000612.975755993, 26540511.822153974, 29929187.568592962, 28286803.007307198, 28688533.03913743, 28286823.83200265, 27927987.09611936, 27308100.10268064, 27592494.60825539, 27484291.4170443, 26399533.891412325, 24839406.23938007, 23115709.49833208, 24031002.18916789, 25841967.544901256, 24747861.662730414, 23888597.56663496, 23804960.300317757, 18864268.653355062, 22061502.65311324, 29783501.75208007, 23910320.07415607, 24131236.997851897, 19357346.19029135, 23340272.409072056, 22984516.077753104, 23462270.39310523, 25401093.050943088, 23385561.826091375, 22380619.130866975, 21352849.88824956, 23791651.94767301, 49624204.617179215, 24403101.74747288, 23339962.316086218, 23775933.739354532, 22236501.011182345, 21317308.6934145, 22926401.251039363, 48474925.201565675, 25028574.84934727, 23603065.94451695, 22117884.116290737, 23265596.66474859, 21546163.62373552]}