{"mass": [5151.0, 1622.76318359375, 1153.12255859375, 935.618896484375, 786.4503173828125, 692.4188842773438, 639.0211181640625, 610.3643188476562, 597.3638916015625, 592.5918579101562, 590.5445556640625, 588.7977294921875, 586.7691650390625, 584.5331420898438, 582.388916015625, 580.5687255859375, 579.0734252929688, 578.125732421875, 577.4014282226562, 576.8201904296875, 576.20361328125, 575.33984375, 574.384521484375, 573.4641723632812, 572.6929931640625, 572.290771484375, 572.0657958984375, 571.906005859375, 571.7747802734375, 571.6768798828125, 571.4981689453125, 571.3372192382812, 571.3270263671875, 571.4688720703125, 571.7412719726562, 572.0723266601562, 572.50537109375, 573.0731201171875, 573.7081298828125, 574.3685302734375, 575.1263427734375, 575.943359375, 576.8296508789062, 577.769287109375, 578.6425170898438, 579.347900390625, 579.9148559570312, 580.4231567382812, 580.9652709960938, 581.4933471679688, 582.0527954101562], "compliance": [0.00039309250432102884, 0.24745664226753292, 0.5522828975772958, 0.009598290048357137, 0.022095074252065118, 4.037382016397053, 0.2713262072817552, 0.28857490416621945, 0.5475087100170004, 0.06796906739521123, 2.3377189975764434, 4.527201565511777, 0.5181928987778073, 0.028666380804933507, 0.27496123524688726, 0.23962059434297778, 0.0013512990994413877, 0.02323393475174384, 0.20620483297408473, 0.11166251063386651, 0.3433797370011185, 0.42582660491088964, 15.026369750619352, 0.2912921110926667, 1.7136780316736244, 0.33619434943703236, 0.43749863872188294, 0.06947599913637366, 0.5937438739047353, 0.34630413887421096, 0.08204359067267245, 0.5050055424038086, 0.16301123167350023, 0.517222168314391, 0.17469266533973965, 0.6270976339038741, 0.15586155262373685, 0.5889497746188836, 0.7216377333158915, 0.3243339143729219, 0.308397628838902, 0.8500407484022918, 1.1575238863642634, 0.854090049888315, 0.5301543557329433, 0.021938048278345584, 0.20923905039162288, 0.3473758307259472, 0.10648913874008244, 0.434723298095609, 0.07034776195387442], "stress": [53413.15995696664, 9434562.763316393, 16235780.231521972, 20263395.589875124, 30986082.75228781, 37041377.94439829, 39783870.08572117, 44467785.828104675, 41230723.68132574, 45437654.42364917, 109189364.02925064, 47805798.909341775, 48788938.06722329, 54460215.303387195, 57161291.59547758, 58774992.41975062, 61034640.357894294, 63037924.49233681, 65578127.04234369, 64571757.964814246, 66261997.42736673, 67635496.63521934, 89038559.96822028, 66131309.616932586, 52275115.05874884, 68688644.93437558, 68355092.34409007, 70733876.60269547, 71059707.82978772, 68554232.85035375, 67907780.63136703, 71401317.02459353, 69855463.33844398, 68144208.40335059, 73663187.08752164, 72786457.14867796, 69966634.05699536, 63961832.20364745, 68532004.46253249, 69206425.13648327, 68938713.57582611, 85522688.21828642, 65394919.503866784, 63463639.91419925, 68589429.9302511, 66481254.959269516, 67211169.85907301, 52826330.482742615, 68672995.9754144, 65798010.160523996, 68560241.4562277]}