{"mass": [5151.0, 1616.33544921875, 1297.3243408203125, 957.216552734375, 752.684326171875, 629.632568359375, 569.6062622070312, 538.8606567382812, 522.265380859375, 513.1808471679688, 508.5918273925781, 505.8199768066406, 503.2995300292969, 500.5943603515625, 497.853759765625, 495.3344421386719, 493.0057373046875, 490.8952941894531, 489.1309814453125, 487.34014892578125, 485.50848388671875, 483.69097900390625, 481.78948974609375, 479.7645568847656, 477.8895263671875, 475.8334045410156, 473.4436950683594, 470.5147399902344, 467.7025146484375, 466.2623291015625, 465.72314453125, 465.63671875, 465.5922546386719, 465.53680419921875, 465.4870300292969, 465.4621887207031, 465.4681701660156, 465.50762939453125, 465.58551025390625, 465.7001037597656, 465.8524169921875, 466.0459289550781, 466.28411865234375, 466.5547790527344, 466.8432312011719, 467.14019775390625, 467.4372253417969, 467.7312927246094, 468.01995849609375, 468.301513671875, 468.57269287109375], "compliance": [0.0014051277701655545, 1.0502889777314357, 0.7019437755037079, 0.5557974902071997, 0.3657215947413667, 0.546963544685844, 0.645397380095399, 0.6774054338402932, 0.1561130910948176, 0.5765958239067692, 0.5487746764498715, 0.5327459525705259, 0.6043870254505167, 0.5656660417070207, 0.8365427110202268, 0.5080369633997754, 0.6174831526663757, 0.5072510607080384, 0.4717329389673298, 0.34366391524963147, 0.45683307963727804, 0.28199709606465095, 0.38840457991456484, 0.4350520644113852, 0.4229181481941256, 0.48567734231229276, 0.5112108664383548, 0.4310156463188034, 0.3786558088606728, 0.4129747710480789, 0.28261203726039197, 0.24716678157854705, 0.490410501827085, 0.3095734843071424, 0.15415017548576937, 0.5828762225873074, 0.6707956068983748, 0.4081057232160139, 0.3661527553790326, 0.364726882693406, 0.39319556750285034, 0.35786279393053444, 0.19206764554141798, 0.5054455499964529, 0.3163457622752119, 0.8947385298248418, 0.5437519378802996, 0.4710594425035648, 0.5654048053924408, 0.1905862261545117, 0.15581620918009018], "stress": [72940.07722528599, 20812881.530987736, 4474580.180108974, 8266610.189506324, 13529312.075108524, 18349490.497897908, 27988963.720543765, 28959299.4810486, 34483176.43850317, 29005533.182456583, 28777459.042424854, 29285062.044428073, 28894807.325470056, 28772483.851770367, 27832061.10898284, 26996769.470312506, 26286773.13754919, 26267723.721018597, 24858472.170682278, 23610450.75936077, 22825110.999213178, 23100063.778439138, 21296932.179389454, 20509637.799920168, 20174132.84647147, 19749708.44094934, 19790514.99661588, 18927395.02635628, 18397265.878106568, 18159503.106686953, 17851369.174926937, 16841865.167910002, 16247583.450996375, 16809076.165054634, 15815407.457298229, 15713857.322610915, 9108108.054681232, 16056402.032746248, 16528871.388581533, 15976248.14436109, 13548507.277556196, 15587347.049766086, 14825367.061147267, 15578481.764838878, 14393359.669919716, 10716213.627292896, 15024659.510158759, 14239065.08750985, 18451216.764202844, 13481600.738513144, 15015707.922466446]}