{"mass": [3321.0, 1046.286376953125, 490.48370361328125, 371.5259094238281, 302.66650390625, 287.817138671875, 285.7400207519531, 286.7260437011719, 288.43572998046875, 289.8529052734375, 291.2829284667969, 292.88226318359375, 294.5338134765625, 295.94427490234375, 297.25616455078125, 298.41064453125, 299.4267578125, 300.33612060546875, 301.1651916503906, 301.9245910644531, 302.6141357421875, 303.23992919921875, 303.80694580078125, 304.3428039550781, 304.8415832519531, 305.3077392578125, 305.73431396484375, 306.10711669921875, 306.4403381347656, 306.73370361328125, 306.9901123046875, 307.220703125, 307.43157958984375, 307.62664794921875, 307.7987976074219, 307.951904296875, 308.09307861328125, 308.22015380859375, 308.3352355957031, 308.44134521484375, 308.5421142578125, 308.63983154296875, 308.73541259765625, 308.83074951171875, 308.92633056640625, 309.02288818359375, 309.11920166015625, 309.21759033203125, 309.3129577636719, 309.403564453125, 309.488525390625], "compliance": [0.00010538418289714255, 0.21986876449737203, 0.1379391906943043, 0.08519320515661502, 0.006397098710397559, 0.01953207993811257, 0.9130696181631501, 0.07147113763505372, 0.036817002906787216, 0.12902247919612553, 0.0004137151543954498, 0.009920079859838449, 0.06126216136752465, 0.10943141162181322, 5.438430597069083, 0.0167057116392389, 0.1701112027074684, 0.18970028874266215, 0.10520990054227217, 0.08719867229771307, 0.09259960162617864, 0.20129969820057914, 0.1648516836440419, 0.10788766337175158, 231.7551639680898, 0.38349077955884564, 0.0019673892516551992, 0.043232406143116915, 0.02463119434105341, 0.10307376148983766, 0.18157604987509152, 0.13744939068041945, 0.10396820380149914, 0.11509085620303662, 0.20762130708348953, 0.17426883936140164, 1.7373382181559571, 0.14021633794010094, 0.11615852668754627, 0.29719104537852564, 0.5842922595920689, 0.06696633883614984, 0.2024756964562853, 0.003562945965039102, 0.013134339260525922, 0.15057862209988912, 0.12121225251483655, 0.01943311102453532, 0.091258398352475, 0.6921161625006363, 0.07695972840710139], "stress": [36427.128421336616, 5829446.967753275, 6201630.424098961, 4450005.862318425, 3587562.977284614, 3100106.163526087, 3952090.701222081, 1690667.9513029016, 2086807.8870258536, 1079416.9890946555, 940853.1899102394, 522750.6125370191, 1377059.8992580664, 829617.7003311804, 36006723.445359714, 783102.0425734823, 436774.8327524257, 789370.699870622, 396331.0281486436, 351700.05646354234, 642300.3761392974, 885995.3221131922, 779410.3109644203, 254463.29344270646, 686574907.0361202, 1700942.6732810538, 596955.6533674999, 589175.5751151763, 532409.9611418128, 712416.144212303, 650426.0106014909, 1204131.0621152783, 617643.495774139, 781265.9654726891, 825004.6917341535, 818642.2632706253, 13061757.73435828, 973375.924709058, 888743.7381157343, 348850.5717234261, 890897.3326128885, 585205.1223772302, 437899.63813763775, 452916.03679383284, 346221.40973435255, 470922.7998740018, 689456.7293923438, 308024.07649166964, 614797.0188817887, 2431207.995999515, 491807.2938092897]}