{"mass": [5151.0, 1585.39794921875, 1078.955322265625, 810.856201171875, 667.09033203125, 619.8296508789062, 603.3314208984375, 590.8577880859375, 579.1556396484375, 567.333984375, 552.278564453125, 542.2593994140625, 536.2135620117188, 531.437744140625, 527.2404174804688, 523.3209838867188, 519.2359008789062, 515.0176391601562, 510.8974609375, 507.5375671386719, 504.8463439941406, 502.8183898925781, 501.4087829589844, 500.11053466796875, 498.8642272949219, 497.8016357421875, 496.85479736328125, 495.86474609375, 495.1416015625, 494.5760803222656, 493.88189697265625, 493.1662902832031, 492.48883056640625, 491.7867126464844, 490.9178771972656, 489.99993896484375, 489.0467529296875, 488.14874267578125, 487.2623596191406, 486.4261169433594, 485.6395263671875, 484.9203796386719, 484.2664794921875, 483.6552734375, 483.096435546875, 482.6209716796875, 482.1317443847656, 481.58062744140625, 480.91961669921875, 480.17877197265625, 479.452392578125], "compliance": [0.0005976703150977537, 0.23041319500136118, 14.544763506353876, 1.8835191238062239, 0.2115573626388343, 0.9074486355873195, 0.020611816846437724, 0.3587689920783105, 0.5936093878161222, 0.03760488434439807, 0.40776755382923024, 0.30077880692130926, 0.739941216076635, 0.12478520626158388, 0.21857200040090807, 0.11617284597568067, 0.38455893094664234, 0.4898041776805926, 0.35978508945771537, 0.388264845908797, 0.40898295367862314, 0.2938565512678729, 0.29273888542333054, 0.3586165096947418, 0.18420131923146246, 0.07062940904356602, 0.18332536042927958, 0.3537590515748901, 0.04759006056689227, 0.8718103191990723, 0.298056714503378, 1.9286699362289645, 0.11850489234983111, 0.02288040419336674, 0.8903027133183422, 0.3377927122784623, 0.269155976583828, 0.2461997216588715, 0.3066817235517712, 0.36789337176375225, 0.8350910722555602, 0.1610618814173124, 0.5180326070469481, 0.31740136973152294, 0.7330527312755845, 0.39590256279411823, 0.1561124122866768, 0.01764830184857933, 0.8220789916834431, 0.3503138994822299, 0.0031674255257716916], "stress": [43379.805810351914, 14717537.587311318, 7100204.143056739, 13505168.327376539, 17723883.16580575, 20784896.517321765, 18288405.433094062, 20118312.897008926, 21863250.459550504, 21584542.949339632, 23373298.971567985, 23218394.17122036, 25278238.714740824, 24761396.14325161, 24732684.35225238, 22824757.282628376, 23070413.504087422, 23092945.490108065, 22355833.650308155, 22337646.964696635, 22262402.833304483, 21600704.71440082, 20729192.338453356, 20212098.60327015, 19556541.51304157, 21934516.442875706, 18809727.57437601, 18152133.59168912, 18272311.37783178, 16463099.968046932, 16931196.211269226, 25070355.3847808, 16636655.015504047, 16173197.714406895, 15393015.52978834, 16513013.082099712, 16333371.842903608, 16244640.123972762, 15683409.354291271, 15801921.642827723, 15651756.736303393, 15964850.63248488, 16218562.592437297, 15284217.41392495, 16221598.648747578, 13988749.83662418, 14944964.062614543, 15413721.373310357, 15456349.385274423, 13937285.683281165, 14401103.699701833]}