{"mass": [5151.0, 1641.3624267578125, 954.7168579101562, 660.975830078125, 498.7834777832031, 437.1728515625, 419.18109130859375, 417.36688232421875, 418.72979736328125, 419.6400146484375, 420.1710510253906, 420.57904052734375, 420.9803466796875, 421.36297607421875, 421.74029541015625, 422.10308837890625, 422.47576904296875, 422.8895263671875, 423.3727722167969, 423.92572021484375, 424.5626220703125, 425.2894287109375, 426.1136169433594, 427.0539855957031, 428.11175537109375, 429.24920654296875, 430.46356201171875, 431.71710205078125, 432.96533203125, 434.2080078125, 435.467529296875, 436.6959228515625, 437.8778381347656, 438.99652099609375, 440.0413818359375, 440.9910888671875, 441.86907958984375, 442.72943115234375, 443.6036376953125, 444.4771728515625, 445.3333740234375, 446.1647644042969, 446.986572265625, 447.7987976074219, 448.6268310546875, 449.53839111328125, 450.53668212890625, 451.6151123046875, 452.7462158203125, 453.9255676269531, 455.1431884765625], "compliance": [0.00045701114416641655, 0.20406895168749142, 0.7508228053602584, 0.08919863548507734, 0.08367060254259105, 0.1113850425469076, 0.12464852512709815, 0.1038925381151068, 0.06656945409159229, 0.05696800035936588, 0.12306128512062908, 0.2825604311078137, 0.041636183132747265, 0.09277514886656751, 0.20992691972892577, 0.08089218986156461, 0.22229146188320084, 0.06520758943998307, 0.07779838728996132, 0.007288740181865125, 0.056996214356515744, 0.11575462341336884, 0.04599315704002528, 0.021574363935236852, 0.05656545002662636, 0.008195689050159955, 0.15657946825779193, 0.1551722390826234, 0.053941536018318796, 0.015950934939594118, 1.1422684340288056, 0.06324428899971374, 0.013571303831716213, 0.06040869228094083, 0.036209969981551744, 0.02294993847449533, 0.02542831816122024, 0.017956298410586748, 0.03356942354693008, 0.03893464466666261, 0.04003433463441943, 0.029352963604957934, 0.026475942224944395, 0.028171677786162183, 0.03541449694227188, 0.020525378862390625, 0.02381635513003608, 0.024116752642944588, 0.03101927495948784, 0.010227454685885422, 0.02693092255019438], "stress": [30985.65197633788, 7106761.68478996, 11802453.333368413, 11676275.607215874, 12430962.665019972, 13248584.151732491, 15396509.669617578, 15681378.826976728, 14932899.300702302, 15637394.192262705, 16460500.844736474, 15326206.430510685, 15957772.585317738, 16417174.6672285, 16102549.086038727, 16755092.758030396, 16254656.318467654, 17142168.438453335, 17224405.712552994, 14397252.248924008, 15633151.453289993, 15186707.488520836, 14720818.601123633, 16672011.986927975, 12281461.215498623, 9911551.815393578, 10739279.403335946, 9264911.4003969, 9107879.726702949, 9033372.932901822, 11830220.212967886, 7468072.470553589, 6657109.874184705, 6133731.209842609, 5943243.519765506, 5559404.417975023, 5385156.985469113, 5015313.608667644, 4682071.826670343, 4645272.023056427, 4409896.836379633, 3974024.1042548674, 3904357.362117658, 3492327.762937751, 3621750.8397627603, 3411268.63746677, 3167775.3946452346, 2842799.312963054, 2575021.2342442586, 2356114.4244676335, 2283773.3103534384]}