{"mass": [3321.0, 1077.322265625, 786.5684814453125, 560.0225219726562, 479.59393310546875, 451.638427734375, 448.04095458984375, 449.6559753417969, 450.8179931640625, 450.51678466796875, 449.8270263671875, 449.12054443359375, 448.891357421875, 449.01568603515625, 449.35198974609375, 449.78326416015625, 450.242919921875, 450.74609375, 451.32244873046875, 451.93768310546875, 452.5271301269531, 453.1188049316406, 453.6651611328125, 454.150146484375, 454.5933532714844, 455.0149230957031, 455.3863830566406, 455.75146484375, 456.1435546875, 456.59576416015625, 457.08770751953125, 457.6254577636719, 458.21539306640625, 458.82171630859375, 459.39874267578125, 459.94305419921875, 460.4632568359375, 460.9523010253906, 461.4022216796875, 461.82177734375, 462.21197509765625, 462.570556640625, 462.8951416015625, 463.2168884277344, 463.53387451171875, 463.845703125, 464.169189453125, 464.51690673828125, 464.8934326171875, 465.29296875, 465.6907958984375], "compliance": [0.0022431966350032013, 1.438867497333988, 6.582684983984673, 0.8481938679565224, 175.96923855567618, 4.369940168465636, 0.529908868907466, 1.4235620348345959, 1.1498044568573655, 0.25122714973571514, 2.0136855655968793, 1.1219777674196152, 1.6567830868510638, 1.0797432343007793, 1.5815124206516926, 1.524568488220524, 4.241249229704329, 0.9753545032759862, 1.4258452217718987, 1.9981255527511688, 1.7017912694488255, 1.099384123852647, 0.3445880762588061, 2.4503236500401244, 1.0786166206122774, 0.5206642867036259, 1.4631135137987268, 1.232180723324791, 0.7297557985366676, 2.0508017915300036, 1.2409967465703886, 1.4342169295759217, 0.16483144758657098, 1.747321462324576, 1.9722449082365865, 9.824028595493724, 1.1895939043994004, 0.3349333675317333, 1.1579419724360103, 0.9010371256644716, 1.0702860023334313, 1.2524313789274064, 1.1642129160767587, 0.6844594852821241, 0.5682389659840745, 1.8170388898752234, 0.23499492563729316, 1.7784746212175986, 1.0576469052160498, 0.7443403678623283, 0.281716341985531], "stress": [49995.24996180828, 14349077.621464562, 21245381.369608868, 30915231.89583282, 25785838.222631443, 27300106.19323143, 28100602.5590855, 27960722.735548485, 24070668.65406319, 23164867.40868977, 21301870.144718543, 22213973.763657648, 20164697.019897357, 19809488.142901924, 20047544.519609082, 19067653.04700293, 21322707.421749007, 19034984.5094322, 18531890.556033045, 18875381.09659627, 18567501.135399576, 18300831.615891743, 18233419.14836234, 17137836.868278105, 17740032.981331524, 18108725.23250402, 17285915.45568707, 17297506.36864875, 16838891.81586061, 16037231.583973033, 16948730.93264916, 17500060.737498675, 15791928.038100857, 15775297.060369205, 17867165.821471717, 12462843.788153151, 17129819.67812829, 16513053.882396065, 16480975.805421427, 16570842.334042164, 16243981.305639375, 16456010.297523055, 16204231.895909782, 16772269.145054944, 15907714.561829096, 15559486.76753226, 15712952.38449972, 17149178.95346936, 15468792.238391243, 15594039.723220602, 16505370.809835956]}