{"mass": [5151.0, 1512.223388671875, 949.5950317382812, 707.4758911132812, 563.223876953125, 474.9866027832031, 417.53973388671875, 387.1126708984375, 374.951416015625, 370.44256591796875, 368.57781982421875, 368.025634765625, 367.7752685546875, 367.461181640625, 367.0483093261719, 366.4989013671875, 365.99163818359375, 365.58319091796875, 365.404296875, 365.4934997558594, 365.53271484375, 365.48028564453125, 365.34130859375, 365.0810241699219, 364.87359619140625, 364.77813720703125, 364.7070617675781, 364.60162353515625, 364.470947265625, 364.30755615234375, 364.12237548828125, 363.9886474609375, 363.912841796875, 363.86053466796875, 363.8221435546875, 363.7940368652344, 363.77227783203125, 363.75537109375, 363.73944091796875, 363.7153015136719, 363.6871337890625, 363.65863037109375, 363.63299560546875, 363.6065979003906, 363.5790100097656, 363.5514221191406, 363.52581787109375, 363.5024719238281, 363.48187255859375, 363.46356201171875, 363.4488525390625], "compliance": [0.0009310761538679093, 0.22451426111201994, 2.663230168092755, 0.531886571318674, 0.562979117351851, 7.847692278241679, 0.6048485528484759, 0.7748745454188457, 0.7071346828636196, 13.672690083909362, 0.4241553982083237, 0.32592860300565646, 0.3891419636356353, 0.4449707860028177, 0.4107029721451033, 0.4576916531232815, 0.5203514310771516, 0.5560162821278158, 0.5038510606521602, 0.7835050619734888, 0.4964057146004237, 0.5073799459225136, 0.5262959837328102, 0.43040863374556443, 0.6216794883093371, 0.640900575394178, 0.5950491362515336, 0.5784328402783685, 0.5822860690859383, 0.5383727993943658, 0.5388727284443161, 0.7045713192201217, 0.4835718541653956, 0.5794828678016628, 0.2684261725988926, 0.48803894529555214, 0.46877386212101513, 0.13334408675470188, 0.2779317795124411, 1.326698689990309, 0.7859349914548407, 0.6333967293325675, 0.5361691091965975, 0.7153588734701191, 0.8115192301366997, 0.16014438288719188, 0.21920077499566132, 2.6031848298823768, 0.5576255450066265, 0.030965504233689795, 0.188806708087075], "stress": [109862.63675709888, 12559927.155026063, 14940336.78794962, 26450547.722596016, 28203701.385074202, 26227294.04059563, 31310068.742582932, 33975453.8315284, 30720085.014508374, 72357137.9126892, 35632153.62392298, 37788233.280441485, 41134175.43863012, 45875178.42356859, 53075141.97935629, 60408069.58824502, 65564662.81968665, 68444736.83306354, 69572358.79922101, 71125210.19804054, 69768498.84180947, 69768642.45930366, 68784272.01138027, 66342688.100870855, 64607828.96735962, 65229237.50480212, 64014253.01527621, 65049670.96108766, 65364730.14920964, 63106332.24109925, 59506491.4676155, 72216805.70726344, 62902428.64096018, 63768708.618698284, 74919715.3138746, 63082146.66987905, 66087786.73932245, 61569746.815060765, 61555186.18442623, 58255837.984501764, 64214024.35254671, 64802354.424330994, 64720731.94306357, 67540220.83243768, 63058557.14146016, 55019630.46745718, 67108764.672912635, 94879319.25601658, 63330394.627528936, 61762444.65547678, 67458094.23845574]}