{"mass": [5151.0, 1690.9254150390625, 1288.856201171875, 1004.5238037109375, 848.31494140625, 764.765380859375, 719.103515625, 702.3189697265625, 698.4970703125, 698.8224487304688, 700.8301391601562, 702.633056640625, 704.0582275390625, 705.4259033203125, 706.8302001953125, 708.1810302734375, 709.2900390625, 710.3326416015625, 711.4076538085938, 712.4929809570312, 713.6646728515625, 714.9161987304688, 716.1728515625, 717.4095458984375, 718.6107177734375, 719.86767578125, 721.1622314453125, 722.4703369140625, 723.780517578125, 725.13134765625, 726.507080078125, 727.9608154296875, 729.527587890625, 731.1139526367188, 732.6469116210938, 734.09765625, 735.4583740234375, 736.7723388671875, 738.0791015625, 739.356201171875, 740.6282348632812, 741.906494140625, 743.2031860351562, 744.4918212890625, 745.7430419921875, 746.947509765625, 748.0870361328125, 749.1671142578125, 750.166015625, 751.1021728515625, 752.0238647460938], "compliance": [0.0005155366601420522, 11.317620338588785, 0.24813801762245827, 0.26652222565890693, 0.3162774912851873, 0.39652604815066617, 0.3245336062550047, 0.2824439461975292, 0.2919302968354072, 0.27431275037561664, 0.22762446363057168, 0.15183816676695802, 0.22346024940753675, 0.1813280012635728, 0.184990290539493, 1.5162911136586723, 0.5534622478833269, 0.26053571002901976, 0.041330712823881496, 0.26167986019550526, 0.07238287059895987, 0.22054693144905074, 0.18965352016277728, 0.24030745876187004, 0.1259825690313231, 0.21264002935133827, 0.22212595937149762, 0.16398254839174892, 12.485835435856606, 0.18515777338327757, 0.13830424358524743, 0.5285521631110026, 0.17342533093931184, 0.16652142633166797, 0.4929361082182484, 0.15540114196668, 0.06857160111106933, 0.19738595534968906, 0.20593945717241707, 0.2762282246271041, 0.07581084029960558, 0.14569446472929065, 0.18614352459257505, 0.05045697760724821, 0.08820266621430634, 0.1730948866748786, 0.24190763006370408, 0.1548798664348983, 0.0318583380959253, 6.129445586343405, 0.01615933251859827], "stress": [31109.904209204626, 43155207.024931945, 9444980.84288191, 11022112.35576023, 14000798.275747515, 17029887.221294113, 16658107.297574768, 16554704.576437538, 14407900.49235725, 12528580.431009283, 11403599.837161683, 11079986.422395432, 10885104.659683185, 10822950.857566426, 10555252.650002375, 8264269.2654022435, 11078067.704345873, 11075215.778961029, 9882230.535520352, 10097854.90958552, 9055757.319467323, 10264044.626387184, 10475523.708817024, 10787268.358778736, 8051379.841590576, 10806810.390311282, 9915900.620507356, 10445866.92792086, 72828767.26125912, 9914155.428677332, 9317740.243689815, 9774481.156571165, 10400288.154659787, 10282629.66861952, 10893325.814672109, 10543009.893154271, 10340261.968047718, 10300110.403636396, 10461906.173800422, 9899935.8845981, 12015535.20530695, 10396370.687297277, 10441308.703235071, 11689320.827150999, 9711735.906392114, 10399337.031214662, 10189660.527535068, 10421578.861806694, 10107367.545440033, 38866516.02239481, 9829797.855965666]}