{"mass": [5151.0, 1612.6942138671875, 892.3798828125, 611.5787963867188, 487.72216796875, 447.1736755371094, 435.780517578125, 432.4500427246094, 432.2627868652344, 433.0877685546875, 434.2994384765625, 435.4715576171875, 436.6060791015625, 437.687744140625, 438.7337646484375, 439.77362060546875, 440.84564208984375, 441.9515075683594, 443.0608215332031, 444.206787109375, 445.36907958984375, 446.513427734375, 447.6415100097656, 448.7471923828125, 449.78057861328125, 450.75518798828125, 451.6723327636719, 452.55804443359375, 453.43426513671875, 454.2897644042969, 455.1150207519531, 455.89215087890625, 456.6104431152344, 457.2707214355469, 457.8839111328125, 458.45648193359375, 458.982421875, 459.46002197265625, 459.8857421875, 460.2745361328125, 460.6259460449219, 460.9417724609375, 461.225830078125, 461.47174072265625, 461.68096923828125, 461.8499450683594, 461.96563720703125, 462.02947998046875, 462.03692626953125, 461.98052978515625, 461.86676025390625], "compliance": [0.0002481630679574212, 0.10246578368928434, 0.09293685357253623, 0.04227112323944679, 0.31165404453531903, 0.3957748960971153, 0.5890929700860357, 0.1188647590277814, 0.21128592903635496, 0.13221758298116806, 0.46820916904853876, 0.09410306000261123, 0.11694123349068433, 0.07091433816288206, 0.321396202368607, 0.15863167702398173, 0.0770070956783172, 0.06590795948430524, 0.02532997403948184, 0.24137434602419552, 0.04237752682383932, 0.0758134464055563, 0.33611037306017655, 0.13962268991076238, 0.2895645531866178, 0.058138241517517966, 0.004281965856531288, 0.09952700542619969, 0.22753999240872572, 0.023774991317347817, 1.3348716244274565, 0.10818856838592691, 0.045450483325067174, 0.037500137648402834, 0.038817340341281065, 0.0299683024187212, 0.08704155814758784, 0.055334038793238075, 0.08387339489825468, 0.05927456430723274, 0.10956874867296992, 0.04033605600529357, 0.031343377957876326, 0.10329010670957361, 0.00379843382194274, 0.17492692491736708, 0.15282658597030374, 0.061523934685801675, 0.044465689159974474, 0.060730442163759515, 0.03283897648768629], "stress": [36179.70892824351, 5417866.523379323, 6316078.5795184765, 10593976.076923449, 13677070.249207335, 14477080.071767576, 13480281.491694164, 14901934.571932822, 13280083.822307926, 12229460.94017534, 11158589.139588868, 10696693.608254906, 9414857.16188206, 9249627.031097135, 9336739.15482029, 9016436.645734388, 8294928.8979751505, 8120375.373300857, 8067963.289947918, 7286316.186132901, 7292564.710884913, 7122307.43871165, 4465628.237172141, 6674155.891636009, 6233761.053292561, 6201392.486883499, 6085990.286470923, 5914583.022065077, 6369856.258129728, 5739937.678913978, 7438297.828698405, 5197324.197543139, 5355229.509522903, 5385166.322424172, 5149126.781608113, 3328755.658179366, 5223177.353020414, 4919502.989307408, 4948080.174112095, 5385163.349877747, 4942032.144654923, 4836479.7280702125, 4687913.19483584, 4825653.354434528, 4880816.852090295, 4322876.350950274, 5376575.713808707, 4793788.831840168, 4794854.3371645985, 4581728.395379301, 5064013.248146374]}