{"mass": [5151.0, 1669.97314453125, 1167.300048828125, 840.8939819335938, 713.5712280273438, 640.9983520507812, 610.2447509765625, 604.2885131835938, 605.64990234375, 608.7923583984375, 612.0774536132812, 615.132080078125, 617.8717041015625, 620.27294921875, 622.2239990234375, 623.8526611328125, 625.2760620117188, 626.5073852539062, 627.5590209960938, 628.4344482421875, 629.181640625, 629.83447265625, 630.3434448242188, 630.7236328125, 631.0299682617188, 631.3098754882812, 631.55810546875, 631.7666015625, 631.9237670898438, 632.056884765625, 632.1774291992188, 632.2874755859375, 632.4024658203125, 632.5319213867188, 632.6707153320312, 632.8253173828125, 633.0050659179688, 633.2015380859375, 633.414794921875, 633.6353759765625, 633.86376953125, 634.0877685546875, 634.3098754882812, 634.5321044921875, 634.7682495117188, 635.0252685546875, 635.3096313476562, 635.6297607421875, 635.9844970703125, 636.3699951171875, 636.7791748046875], "compliance": [0.0001724832255725434, 0.24534776905641198, 0.3107364250967114, 0.23031733157539236, 0.13239580527362488, 0.3356401984104446, 0.1180022541770267, 0.18058109984777881, 0.06971015086543417, 0.1039469405486343, 0.0075705684790868645, 0.3084522574147222, 0.18011191084847364, 0.35641456473966465, 0.23529183612568524, 0.056084637507425636, 0.29899124089280354, 0.029696496220695482, 0.37193040747891404, 0.2988648555259595, 0.09921683956746129, 0.030478409768013172, 0.11707955136289197, 0.00826488960985441, 0.21880764114865686, 0.1590283525555869, 0.17011641682587386, 0.8091265013903461, 0.0190706237631933, 0.031971918293424405, 0.00044711412452344557, 0.046218674093963394, 0.4652960675270065, 0.10193514903749301, 0.1957490248190781, 0.2632975497979572, 0.3657543531967348, 0.15861003367471294, 7.097338673568861e-06, 0.17945563637067863, 0.15244061277748144, 0.21498620513015743, 0.12219706786927022, 0.17755476832500477, 0.20852887344951573, 0.15388107439302637, 0.35772588858487503, 0.005040699445533196, 0.022765114844687493, 0.0050629743025655555, 0.044446547006984354], "stress": [19291.374798970006, 6286150.49501814, 9364087.650138656, 11699458.528381946, 12309352.369235395, 12469053.707460882, 13265161.431116916, 13006067.250021081, 13058848.871423237, 10581759.101489292, 11550705.756414603, 8772822.164613638, 9430473.993644675, 9532820.035266327, 7404319.285870642, 7726584.685086667, 3553884.9528298383, 7436326.1587121915, 6915838.333524666, 7867570.186953493, 6491499.30094863, 6094244.018267372, 6714817.541158813, 6770932.599084335, 6474801.111634878, 5967822.173300521, 6265934.241094485, 13426117.831127856, 6264096.498320138, 5755544.355104337, 6469793.994545394, 6326089.9880158305, 7094374.232963556, 5416741.832836397, 6558784.531275098, 6562822.87333934, 7467600.34191956, 6350828.527054739, 6080101.688380092, 6318844.389179556, 6978813.081056294, 7828217.127693918, 6159926.660587678, 6246661.474489837, 6578787.700706146, 6112551.681252374, 6687221.031223443, 7296055.08035001, 5973698.252983105, 6625744.901604403, 6255476.2270297315]}