{"mass": [5151.0, 1674.510009765625, 1005.02392578125, 886.8590698242188, 721.8497314453125, 635.5892944335938, 590.1898193359375, 566.67578125, 553.930908203125, 547.2669677734375, 542.7310180664062, 540.7650146484375, 539.7742919921875, 539.5084228515625, 539.574951171875, 539.9545288085938, 540.6907958984375, 541.8243408203125, 543.1692504882812, 544.698486328125, 546.430908203125, 548.18212890625, 549.987060546875, 551.796875, 553.451904296875, 554.9189453125, 556.1956787109375, 557.3897094726562, 558.517822265625, 559.6887817382812, 560.8416748046875, 562.0643310546875, 563.296630859375, 564.5189208984375, 565.6776123046875, 566.8435668945312, 568.095703125, 569.3331298828125, 570.4986572265625, 571.651123046875, 572.7556762695312, 573.8698120117188, 574.9879760742188, 575.9411010742188, 576.6873779296875, 576.9716796875, 576.8831787109375, 576.6362915039062, 576.3580322265625, 576.0814819335938, 575.7992553710938], "compliance": [0.0031280979070768713, 1.4690519155262467, 3.7767348694471043, 1.721782966647255, 2.9959310128329255, 2.1467041090592587, 2.207657891324195, 2.097908888311399, 2.394276895777748, 2.17073694944855, 2.194407739593675, 0.34775965550945187, 1.7260875366261812, 58.69075321688912, 1.9182557722950746, 1.491619010083581, 1.6075188743051905, 2.2271598625351885, 1.5934982588001005, 10.27883299278896, 0.9684959370336224, 2.2946009401102203, 7.732743231271146, 1.7340439562541448, 1.4507491752843333, 1.3395175622509268, 1.3374645743109481, 1.9313649201033194, 1.6101857452602033, 1.3602466850090575, 1.2365837353651221, 0.6481985936323319, 1.721820349709792, 1.2356076473962943, 2.299248287571201, 2.287894986447491, 3.9395303725142377, 1.6787829792867446, 0.6247542275405522, 2.348740723264453, 0.3605125127360846, 1.5172730823120202, 0.12300810754383193, 0.024239734555288328, 0.6870133711733171, 0.44757815155443387, 2.279594802147949, 2.8004136342338164, 1.417151179616638, 0.07756416158189564, 0.7649819360959007], "stress": [64967.396660758845, 10920362.305804836, 38088979.939271286, 20987845.581629056, 32674226.116842467, 31732313.8910149, 34913107.348422125, 36105665.27171476, 39016796.919086434, 36460652.00133768, 33656822.43725263, 35706063.49728786, 31449973.901401747, 530953815.0825169, 29905414.300980143, 27972175.441890936, 28810221.224201586, 28585779.903932396, 31527725.105764784, 199463784.02919057, 23998300.91367855, 26057943.82589619, 55192358.34669996, 28345414.916516308, 26237562.308195617, 24542322.440032143, 24750386.834475487, 22970930.584642418, 23859306.93211454, 23788251.685826764, 24200874.38387083, 24751026.926320918, 21339198.91595307, 24078736.748306025, 24972566.318727493, 18524053.849495966, 48924900.084441565, 22176619.465750374, 19210662.07718605, 22875061.041663602, 26515166.506880466, 21268166.772494845, 21116241.06467118, 21453540.605697937, 22825238.5240601, 22712234.742647905, 16683797.31602246, 34508833.505116805, 20338721.305946507, 20983900.45119791, 24604108.1932471]}