{"mass": [5151.0, 1658.343017578125, 1262.476318359375, 894.952392578125, 739.0703125, 656.7818603515625, 631.6500244140625, 625.2282104492188, 624.423095703125, 625.0458374023438, 625.4400024414062, 625.5167236328125, 625.4573364257812, 625.3335571289062, 625.1323852539062, 624.8660278320312, 624.5802612304688, 624.2919921875, 623.9985961914062, 623.661865234375, 623.2579956054688, 622.7821044921875, 622.249755859375, 621.7249145507812, 621.1802978515625, 620.6569213867188, 620.1182861328125, 619.5823364257812, 619.0375366210938, 618.439453125, 617.7711181640625, 617.2762451171875, 616.9705200195312, 616.7233276367188, 616.5189208984375, 616.354736328125, 616.2433471679688, 616.1729736328125, 616.1345825195312, 616.1197509765625, 616.12255859375, 616.1372680664062, 616.1602172851562, 616.1864624023438, 616.2146606445312, 616.244140625, 616.2744750976562, 616.3048095703125, 616.3347778320312, 616.3644409179688, 616.3936157226562], "compliance": [0.0018187879422460608, 1.0759540341834741, 1.29769858347931, 0.6418863949001485, 0.6690733403557879, 0.6497418240411156, 0.5602636017104897, 0.5098894525769216, 0.48775449832995516, 0.45075125890943685, 0.441925841948937, 0.42753070847586333, 0.4286482218827126, 0.41961919179463275, 0.40873538817353616, 0.4297077186409317, 0.527216428572802, 0.39380375013859403, 0.4452564935395944, 0.40989205764810305, 0.41456803346887217, 0.44814467966409516, 0.3920106189140811, 0.4168316606514725, 0.457424785338855, 0.41556332001905055, 0.3998742292707808, 0.3930838143179499, 0.3905983784025409, 0.34980041431529024, 0.4133195218283333, 0.40594082332054493, 0.5502331000159146, 0.40994026505702535, 0.3972003538714434, 1.4652633978049665, 0.40529700903416027, 0.41649879770018805, 0.4265143935667068, 0.3941837412568232, 0.4303121995093102, 0.4004958008971888, 0.41620663291625143, 0.41596414636636786, 0.4285302276895579, 0.40197565621687403, 0.5279964055978634, 0.39807248340418294, 0.3923591828777247, 0.3911189681354468, 0.37214605914692844], "stress": [32830.90918655777, 12756782.20295752, 3916868.8789844033, 11928825.416603986, 11442419.464578988, 12853159.115517465, 12553077.920658585, 13438558.733570302, 12859257.73644483, 12501230.671638176, 12520874.569395497, 12127104.023832988, 11885645.94319265, 11578385.665699262, 12003457.950029096, 11679419.477870688, 10889075.655696318, 12269694.905058526, 11812956.13130029, 11164032.441174913, 11190445.482324794, 10754108.828396445, 11240828.726451794, 10521428.7676549, 11880761.822034547, 11128146.009961266, 10767375.348403212, 10811363.505365714, 10801652.985477224, 10049158.479586165, 10692540.975196982, 10531052.848740539, 10854362.059778316, 10658939.948989736, 10680625.217456376, 18271386.940793026, 10346736.29727986, 10979591.371660821, 10976380.251666434, 10848232.965528686, 10676147.856563743, 10384964.367461499, 11610288.401359374, 10380274.2956354, 10195585.717784926, 10335578.490152415, 12570004.904658554, 10375928.971808605, 10301438.43547519, 10599065.741364751, 10484585.561202481]}