{"mass": [5151.0, 1687.6319580078125, 971.5117797851562, 832.505615234375, 695.3961181640625, 611.7720336914062, 565.4523315429688, 543.3568725585938, 536.4029541015625, 535.8966674804688, 537.3478393554688, 539.1536865234375, 540.8734130859375, 542.61376953125, 544.3932495117188, 546.1648559570312, 547.908935546875, 549.5686645507812, 551.1139526367188, 552.5678100585938, 553.9566040039062, 555.3175659179688, 556.6433715820312, 557.9227905273438, 559.1040649414062, 560.1436157226562, 561.0745239257812, 561.934814453125, 562.7295532226562, 563.4729614257812, 564.1681518554688, 564.8358764648438, 565.4934692382812, 566.1513671875, 566.8111572265625, 567.4615478515625, 568.1409912109375, 568.8327026367188, 569.5184326171875, 570.2354736328125, 570.9722290039062, 571.7267456054688, 572.4920043945312, 573.2532348632812, 574.0150756835938, 574.7389526367188, 575.4478759765625, 576.1489868164062, 576.8311767578125, 577.5009155273438, 578.1607666015625], "compliance": [0.0005862444432307336, 0.6671194114025492, 0.6503572851130186, 0.07211202133601077, 0.007181220257999684, 0.13263966372909936, 0.13865248732478053, 0.11414078613898511, 0.11555966407289962, 0.0822600350487868, 0.0838121414378834, 0.04224281764437225, 0.07236490682784867, 0.07430325633777926, 0.0322920576102356, 0.48081043729370143, 0.2036042762862163, 0.06647754130783552, 0.07483506631198383, 0.32102615006242635, 0.06621210285617003, 0.047198254768397625, 0.08654867589557422, 0.012180616938827915, 0.05037735836208976, 0.052810845919664166, 0.03788286904126098, 0.027444358718480923, 0.05767912748059025, 0.054424636263172003, 0.05874415068304662, 0.05416653020208277, 0.0577487980703481, 0.059808923622173944, 0.04937204526461859, 0.05528218619797381, 0.04343582448536652, 0.044739477215724785, 0.044681660156706805, 0.061731544413195186, 0.05329748709649923, 0.04375603410274319, 0.043023871850440265, 0.050025837347062035, 0.03457373893203652, 0.049068739891078926, 0.04839711744896977, 0.05667445204359141, 0.053815390855501286, 0.08327006969397314, 0.05109051144807323], "stress": [34508.72856729853, 16158579.208327897, 28852291.775909122, 10416648.91667582, 7045791.576633396, 6829762.696684902, 6055614.343215024, 5482383.594352482, 5460567.087753828, 4877121.807750975, 5392851.245807589, 5439897.997344595, 5012072.607807245, 5003593.641696469, 4886437.98126269, 4169340.572168549, 5680182.737651629, 4795201.358670932, 4644618.503630149, 3170081.403084869, 4783301.869554614, 4600041.654176895, 4437961.977281798, 6605330.595024614, 4328173.880609854, 4535080.747202206, 4447832.422546838, 5230438.402035381, 4459955.504324086, 4016062.9475340755, 5063303.330515743, 4376300.9787767995, 4396906.524519201, 4635285.297912636, 4522052.687984703, 4406533.005837215, 4276307.704375444, 4435767.384626905, 4445520.814900039, 4027863.712135993, 4398022.060134913, 4433348.191496821, 4352933.11957495, 4426508.843665673, 4359450.8543434525, 4392344.27709672, 3955794.7155610286, 4495771.644443045, 4529980.821330043, 4241786.925445427, 4442339.388123117]}