{"mass": [5151.0, 1673.988037109375, 1143.1947021484375, 856.073486328125, 749.55810546875, 697.3845825195312, 673.1683349609375, 654.1296997070312, 640.2733764648438, 625.7374267578125, 611.2247314453125, 598.81884765625, 589.1810302734375, 581.1610717773438, 574.7183227539062, 569.6502685546875, 565.5809326171875, 562.8379516601562, 560.9839477539062, 559.7249755859375, 558.8021240234375, 558.158935546875, 557.40771484375, 556.6015625, 555.9326171875, 555.335693359375, 554.8143920898438, 554.3042602539062, 553.5112915039062, 552.4519653320312, 551.1813354492188, 549.6185302734375, 547.7869873046875, 545.9044189453125, 544.2325439453125, 542.7884521484375, 541.647705078125, 540.6074829101562, 539.5672607421875, 538.2772216796875, 536.8247680664062, 535.37109375, 533.898193359375, 532.3011474609375, 530.6849365234375, 529.2767333984375, 527.9451904296875, 526.3130493164062, 524.2203369140625, 521.88525390625, 519.5308837890625], "compliance": [0.0014545848606806893, 0.6498936530939363, 0.5130961869283951, 1.3896010229740097, 0.08055870179079473, 1.6321435182636008, 1.5739185293107907, 1.4883560281998736, 1.4200339952695218, 2.210597206964752, 1.6437466895598731, 1.344145389774365, 1.435899611125897, 1.633678840273809, 1.2085551933500394, 1.4260675063053811, 1.1185132734355043, 0.8202413118704668, 1.233521625608939, 1.23306363744832, 1.1243667037102303, 1.0011619071974198, 0.8783647060577917, 0.959444706498862, 1.3817213934853654, 0.5883896721116346, 0.9793438789456722, 0.598243321598656, 0.7209326268055114, 0.558703414353246, 0.9741510237946721, 0.44068963384973325, 0.7317445713622855, 0.7289023946641967, 5.0508917178448485, 2.7436638461962546, 0.7169550104120442, 0.6972429002993379, 0.3771102321540931, 0.3543257694335735, 6.29477266097955, 0.9595632373436362, 0.6373448710703229, 0.6719986638245207, 0.29937716337845144, 0.7016734667705458, 0.9197734917073666, 0.6667012976428129, 1.1221481731625478, 0.5499181804037803, 0.25030201997644225], "stress": [31829.07702023715, 6665530.806626695, 7726031.033477462, 25818332.160188623, 26926886.435338613, 32054485.2364438, 33006774.370625824, 36401205.06138039, 39135128.25378206, 47724697.6853924, 45152337.23291986, 46999158.97422974, 48750581.404694565, 49507179.33458931, 46524797.68744869, 43887211.32526119, 41461045.15660763, 37981719.93441114, 35784743.23600822, 32170326.169223674, 28088770.601436686, 23343086.552736726, 20331269.68828986, 18076440.928977624, 56173681.408487596, 19660188.241329566, 20239945.301207792, 19451345.06594533, 21249317.903545327, 20920459.79589808, 18720725.532873906, 21951189.0352958, 19381414.807120945, 18076637.878610678, 69118534.75639668, 22698296.258000415, 18474609.763424102, 18726209.540103823, 21407452.49008359, 19432859.895934805, 66152761.07859312, 20621716.478672802, 14844740.204239344, 19269658.22540265, 13919744.339744816, 15495293.099415218, 15748236.9969494, 15072583.191347323, 16894801.821191553, 14116908.203727713, 16996059.00312064]}