{"mass": [5151.0, 1672.08642578125, 1099.153076171875, 799.4271240234375, 641.0343627929688, 573.1441040039062, 545.6823120117188, 528.2857666015625, 517.3804931640625, 513.1344604492188, 511.4838562011719, 510.43548583984375, 509.2236328125, 508.0047607421875, 506.826171875, 505.5597229003906, 504.0390319824219, 502.4049072265625, 500.7048034667969, 499.0638732910156, 497.34576416015625, 495.5526123046875, 493.35198974609375, 491.426025390625, 489.9026184082031, 488.35235595703125, 486.826171875, 485.59893798828125, 484.6009216308594, 483.6668701171875, 482.92352294921875, 482.57489013671875, 482.819580078125, 483.6907653808594, 485.0234375, 486.8380126953125, 488.78082275390625, 489.8834533691406, 490.36517333984375, 490.054443359375, 488.95098876953125, 487.43804931640625, 486.05670166015625, 484.7308654785156, 483.4254150390625, 482.201904296875, 481.2400207519531, 480.4039001464844, 479.74700927734375, 479.31573486328125, 479.1067199707031], "compliance": [0.0004978610334792624, 0.17026421375767548, 1.7464038755310278, 4.038458775510408, 1.3976537659481434, 1.4557016727250314, 1.7136887795649591, 1.7997926832698445, 0.9122302548360945, 1.679445562244975, 1.1043635087492505, 0.2959794944218198, 7.239693854434222, 3.29956534056904, 1.6848721246337584, 2.791689754739892, 27.932422007237527, 4.072964653354577, 0.47887699903877745, 18.72862562860326, 1.9456100963495007, 7.759469552850075, 18.527201239660336, 2.483935298371517, 2.44885734782814, 7.067277029046834, 2.676352258613131, 2.0888884562650993, 0.18805354333394392, 2.4175986084946395, 2.065431725057726, 1.4811187610655654, 2.8365823734491142, 0.9773146941861817, 7.276461204882063, 0.08084684350930951, 0.265881623660928, 3.8710790912094857, 5.700613791738232, 7.985859235921788, 1.9617692660225496, 1.7264384259513503, 0.2189796186630732, 2.2483596649428796, 0.3582616111705138, 0.8451617154924407, 1.6774817543604967, 0.501488470374963, 3.817317834762811, 20.670581463113702, 0.042827729339562706], "stress": [70346.98367575515, 6840483.812147715, 20995982.329042442, 32499035.210083768, 47235890.82942358, 51498079.08557578, 52612350.34602891, 51350154.63636003, 59708574.54520406, 63507269.09904916, 56991268.03672407, 63547300.09330662, 74644322.02682805, 56852611.48690927, 63293986.4363608, 61013698.1188595, 40465861.32141015, 59852685.84853559, 61332827.74144633, 96653995.91449104, 65673369.36664216, 57740945.16987215, 89103062.53208907, 70768410.55734424, 66857575.11780787, 71785839.29602326, 68293172.63090095, 57255050.69007597, 71234310.56112185, 67810876.32329415, 73109463.62803037, 66461964.42267654, 65364426.93018924, 68278293.49159563, 63710266.721596226, 69661114.19541699, 57871982.44319565, 64866232.6091239, 79491197.5574969, 53196180.71898891, 60800482.224976, 75533010.5486233, 69327079.50472952, 65355749.136237346, 61245095.310078196, 74642632.19924872, 71713400.51025338, 61670912.51516458, 72644901.48486644, 47041133.35763252, 54850772.00044188]}