{"mass": [3321.0, 1039.7669677734375, 579.9525146484375, 432.8477783203125, 360.4154052734375, 323.5976257324219, 313.2637939453125, 311.6527099609375, 312.3441162109375, 313.3829345703125, 314.1953430175781, 314.63934326171875, 314.9219665527344, 315.0838928222656, 315.154541015625, 315.31396484375, 315.5142822265625, 315.7110595703125, 315.81829833984375, 315.87738037109375, 315.91607666015625, 315.9234619140625, 315.9509582519531, 316.03448486328125, 316.16717529296875, 316.3782958984375, 316.6546630859375, 316.944580078125, 317.28240966796875, 317.6385498046875, 317.9822998046875, 318.29449462890625, 318.590087890625, 318.8714599609375, 319.127685546875, 319.37725830078125, 319.6240234375, 319.878173828125, 320.1472473144531, 320.398193359375, 320.6123046875, 320.798583984375, 320.9749755859375, 321.140380859375, 321.27764892578125, 321.3892822265625, 321.48284912109375, 321.5665283203125, 321.63616943359375, 321.6920166015625, 321.7318115234375], "compliance": [0.0008255633045376814, 0.02064143549800812, 1.9202107386059974, 0.4322076661128277, 1.2280487706379395, 0.826245528560489, 0.09182661179156737, 0.36751121252748337, 0.07257999548303179, 0.5040903785291413, 0.7347122916477907, 0.20390840858046463, 0.6407718924133263, 0.4300575132808416, 0.10846132640140843, 0.15617806170170845, 1.075329806731492, 0.19415477312115298, 0.2959312849028712, 1.4062048038208792, 0.4618260776238774, 0.6066982058848405, 0.27383719402638773, 2.871076983421697, 10.424856126088832, 0.511667644008628, 0.6214352399438714, 0.8695395477233712, 0.7531607702634112, 0.13002097790641612, 0.04726471108953954, 0.06616169433269706, 0.3810733644045072, 0.09826899791416183, 0.040836185585485824, 0.7656087951469815, 0.7043605271195116, 0.8830245113439804, 7.432227969867071, 0.2029554265183123, 4.250679611876926, 0.3909877075020811, 0.17100589428244226, 2.047933058700876, 0.5143066177128492, 0.03164852486912399, 2.382532999935042, 0.4737392391325452, 8.77760093990968, 0.1358363750264369, 0.10843435409600723], "stress": [40178.73734996806, 4432219.436909645, 6933373.249340202, 11286815.468348064, 12866635.116709232, 15495354.126608726, 14381929.13457707, 16406577.540768255, 17033044.93774618, 17285439.261127464, 14462323.319449563, 15407807.19450805, 15119790.390327375, 15173400.05217795, 14105519.570027957, 14976863.397900613, 9449882.140481887, 12191876.098835073, 12575607.448897272, 12230868.993098743, 11131304.545489008, 11087563.779787395, 10807675.45315236, 11959786.448677441, 11370920.968833793, 11319199.705489289, 11544546.658582622, 13050248.423977632, 10139843.592541575, 12230327.751738649, 11389921.27360445, 12248031.323225155, 10554036.731006129, 12030689.001360325, 12465459.75981675, 13048732.644100767, 11580966.090645248, 11787346.378540413, 15522803.253613167, 11812528.815339182, 11932544.68570121, 12291636.544667419, 12579324.613739919, 14839408.716255944, 11792957.288496468, 11210252.823875261, 13947866.68479591, 12554198.805885201, 22492239.174325377, 10321585.68195302, 11516757.848976739]}