{"mass": [3321.0, 1087.510009765625, 607.6875, 434.98516845703125, 362.2764892578125, 333.8465270996094, 330.062255859375, 333.212890625, 337.16851806640625, 340.4643859863281, 342.8908996582031, 344.759765625, 346.088134765625, 346.98199462890625, 347.5939636230469, 347.98651123046875, 348.2251281738281, 348.3345642089844, 348.3514709472656, 348.3274230957031, 348.2906799316406, 348.2498779296875, 348.2037658691406, 348.1471252441406, 348.0807189941406, 348.0162658691406, 347.9674987792969, 347.9266052246094, 347.8888854980469, 347.8538513183594, 347.8236999511719, 347.7962341308594, 347.7704162597656, 347.7478942871094, 347.72808837890625, 347.7111511230469, 347.69732666015625, 347.68621826171875, 347.67803955078125, 347.67230224609375, 347.6691589355469, 347.6681213378906, 347.668701171875, 347.67095947265625, 347.67626953125, 347.6839599609375, 347.69390869140625, 347.7054443359375, 347.7181396484375, 347.7318115234375, 347.74664306640625], "compliance": [0.00044336911741686084, 0.1325529851596741, 4.688072099158345, 0.7649445149835017, 1.6208407003623138, 0.8848896923787114, 0.44990841057923614, 0.2774152037887891, 0.12215835296133909, 3.501615400729042, 0.21312266816795622, 71.05201738960466, 0.21136164333904214, 0.40986189098887493, 0.7054540404376063, 0.797547544991411, 7.776402586696543, 0.5079081099131272, 0.7279083887840239, 0.8509332464194853, 1.953203830763401, 1.2993930881186437, 0.47756229270458633, 0.6197373104888396, 0.3277273963159554, 1.491671487410959, 0.014367346250324934, 0.5931183779269728, 2.3832059907162284, 0.7348573008861409, 0.0002567905665608024, 0.31393853677216355, 0.2610293494838704, 0.25876153449733874, 0.8486225059857861, 1.0351315529914287, 0.14501561774815747, 0.8482657854778379, 1.1819437970370545, 0.5236616534575951, 1.7388510677313918, 0.00029134584607785983, 0.0351780263074072, 0.9758270501624138, 0.8182454295292544, 0.9637487037032091, 2.915214187886812, 1.1088878067709418, 4.148558049559509, 0.10636950070450463, 0.016493674599054077], "stress": [21995.184672315347, 5233904.744038967, 4995285.190184673, 6079602.8795939945, 5730584.382390096, 5468054.397966454, 4578255.553813449, 4501854.91247746, 2782265.2030612277, 8694062.146510184, 4070679.083395291, 170381211.99607414, 2535278.694335319, 3676690.702971825, 3408559.077810498, 6426306.279502458, 3301955.6903743832, 3803083.7194685657, 3820257.0324288383, 2836514.9461205746, 5612767.382943909, 10107975.722818125, 3487586.0318618845, 4691625.916932572, 4306140.3319692435, 6156144.239567798, 3847075.1768422946, 4365209.446271812, 3252254.128907367, 5723716.913821642, 4130853.9912997936, 4193352.154130413, 4840283.249365326, 4428222.5891463645, 5368665.876810482, 4412662.44749665, 3883794.9403500753, 7180890.3225635225, 5086351.915406083, 3732559.714031657, 27331150.297215495, 4801093.237232088, 3705295.6836984996, 5016152.019547555, 3485298.845601997, 4966122.383282079, 3813097.3901638375, 6244381.019122754, 19209389.943257675, 4154901.4168433184, 4351837.3226057]}