{"mass": [5151.0, 1591.913330078125, 1018.2789306640625, 709.47802734375, 571.7765502929688, 532.1805419921875, 517.0254516601562, 509.8982849121094, 510.0628662109375, 512.2902221679688, 514.6842651367188, 516.6260375976562, 518.0292358398438, 519.1138916015625, 520.03076171875, 520.8630981445312, 521.6569213867188, 522.4183959960938, 523.2191772460938, 524.0113525390625, 524.7379150390625, 525.3896484375, 525.9952392578125, 526.6162109375, 527.2962036132812, 528.0152587890625, 528.7631225585938, 529.492431640625, 530.1988525390625, 530.9097900390625, 531.5972290039062, 532.2800903320312, 532.9432983398438, 533.6069946289062, 534.27734375, 534.8980102539062, 535.4750366210938, 536.015380859375, 536.4794311523438, 536.906005859375, 537.3070068359375, 537.6995849609375, 538.0900268554688, 538.4629516601562, 538.831298828125, 539.1812744140625, 539.5316772460938, 539.8899536132812, 540.2422485351562, 540.5910034179688, 540.945556640625], "compliance": [0.0021434801996416844, 1.7713068992290515, 2.118377677868643, 1.1677712414577133, 0.8691600236632261, 3.440301031961593, 1.1459583710055872, 2.277470444342383, 4.790645555335533, 6.43099484540792, 1.0818159935190645, 1.1295901527224452, 8.509179837338852, 2.214005148193413, 0.07997903564019188, 4.072384244879064, 0.6468437620861002, 0.43530521394642896, 0.6613049990004286, 0.7515397080447896, 0.10179069534062238, 1.1847455329767247, 0.39897395434271765, 0.5528703307363322, 1.6546097284044183, 0.41668643115594967, 1.1587692690150526, 1.711216710280079, 0.035493535822507284, 0.8499570248249495, 1.5108559360164275, 5.059356708827325, 1.4783367228124202, 6.727186022088287, 0.7573958639553199, 0.3239425546987165, 0.6871474051105421, 13.154857413938062, 0.9495845582758048, 1.6465502007087522, 68.52768284300885, 0.5305717044469485, 1.4311813886365317, 0.40717101538676437, 0.3043044133112403, 10.164009802414768, 2.0302593076215247, 7.4676804652691695, 1.4323632597305103, 2.5713725057961976, 0.1375589868375431], "stress": [62472.49890550244, 20500620.35340682, 7102361.654338318, 7724524.532359581, 12968778.121070903, 14654018.049600022, 10070635.949650351, 8389820.953745337, 9411783.368912883, 12754586.216839109, 5561804.6377946, 6402321.543597456, 13221963.492755484, 3861981.0520450324, 6196275.470349885, 12939634.344229575, 5835379.707047187, 5367478.910721422, 5183184.871637347, 5567434.1498418385, 4978279.651357398, 5068416.698379212, 4827425.956110411, 5366003.730930774, 5483279.97321489, 3960699.5578819527, 6027424.846561615, 4237396.76475249, 5428992.539384024, 5273337.308910926, 4329515.456996442, 4796338.010797781, 4857453.323332688, 2593425.4883176344, 4499319.643862393, 4936497.625646513, 4430468.401446012, 9206827.172276717, 3500628.7862536325, 4739152.9342982145, 24242304.414109223, 4140675.729645556, 5071022.045022622, 3960384.591759123, 3657488.885276641, 8302865.9708988825, 4154324.9433791996, 7733020.303260934, 5916879.828656289, 6177653.678165826, 3861355.2949117566]}