{"mass": [5151.0, 1683.58544921875, 1052.16064453125, 799.5340576171875, 682.5235595703125, 613.4561767578125, 584.7286987304688, 569.3125, 561.84814453125, 559.27783203125, 559.0435180664062, 559.8829345703125, 560.537841796875, 561.3834228515625, 562.2516479492188, 563.0384521484375, 563.6524658203125, 564.0775756835938, 564.3233642578125, 564.3220825195312, 564.16650390625, 563.9415283203125, 563.75146484375, 563.599609375, 563.457763671875, 563.3314208984375, 563.23974609375, 563.1376953125, 562.9738159179688, 562.7465209960938, 562.4639892578125, 562.1971435546875, 561.924560546875, 561.635009765625, 561.3428955078125, 561.0399169921875, 560.7508544921875, 560.471923828125, 560.1998291015625, 559.9204711914062, 559.6365966796875, 559.3310546875, 559.0048217773438, 558.6822509765625, 558.3695068359375, 558.0568237304688, 557.7488403320312, 557.4422607421875, 557.1424560546875, 556.8575439453125, 556.5884399414062], "compliance": [0.00018647790078388287, 0.07304627950349882, 0.17695646709073445, 0.34548299038703745, 0.4413605918389672, 0.35314219544474346, 0.34833029000768284, 0.3384529604764736, 0.027401331582688815, 0.3518686815345659, 0.33643691928636726, 0.31430136482552923, 0.3587348704977413, 0.6309489595836695, 0.3738521917633338, 0.26843738062350087, 0.22831811847254027, 0.34006777270330335, 0.32472696371695475, 0.29567371417369137, 0.3608908599150665, 0.3150192105909754, 0.27339480955186485, 0.2813216635047852, 0.2091694067824677, 0.41421831105485807, 0.3870350680913822, 0.33115806845370854, 0.053268244409048815, 0.2911957745992988, 0.3158676581574, 0.32062051068803304, 0.5001912080646274, 0.3478498845601479, 0.05970463938826757, 0.32714897491565914, 0.3226377736713435, 0.28073782654426993, 0.9727464876030133, 1.852477001856537, 0.11104097347277464, 0.13517062666487, 0.26799748185009487, 0.342435086264781, 0.27390617074589096, 0.4082543106455182, 0.09901774989724983, 0.2818491025671616, 0.46665390674427093, 0.35057112835850524, 0.26573595485560375], "stress": [22232.56514801341, 4838473.297130209, 12427192.582915477, 25903381.069048665, 31170184.585349128, 32020105.103966057, 30599499.340318676, 30158365.218905866, 61301660.430740364, 33491906.067616932, 35783916.979900114, 35966846.4609817, 37085979.56189717, 40987913.72257921, 39459935.04047856, 38049833.77190021, 38999489.42669071, 37065298.66674801, 39584446.46769502, 40405667.58302043, 37667643.73690795, 40303253.57130693, 41584403.31538249, 41927016.21048083, 40624607.10080849, 45078540.44368994, 41040381.61166983, 41935606.19242297, 31436509.60759729, 42035296.58465756, 41219259.009539455, 41691857.890499644, 36754912.8337881, 41273572.54328282, 40349530.90164475, 41521733.085029215, 42309723.558986306, 42193957.21462075, 26390468.38936937, 39161754.59122792, 43079198.720303476, 39092200.24473311, 42206053.81790276, 43467083.06789255, 42443390.54990378, 43115711.09016202, 45019102.22666219, 41448545.19313961, 42409441.40981022, 42489505.54465104, 41697927.58813503]}