{"mass": [5151.0, 1637.3583984375, 938.770263671875, 712.3577880859375, 577.16845703125, 524.4283447265625, 505.5432434082031, 495.5973815917969, 489.2459411621094, 485.03948974609375, 481.9949645996094, 479.9176940917969, 478.357177734375, 477.3193359375, 476.720703125, 476.4757995605469, 476.325439453125, 476.14019775390625, 475.9884033203125, 475.8686828613281, 475.75982666015625, 475.73529052734375, 475.7948303222656, 475.9377746582031, 476.1854248046875, 476.5271911621094, 476.93408203125, 477.4041442871094, 477.9323425292969, 478.5040283203125, 479.127685546875, 479.79095458984375, 480.49176025390625, 481.2351989746094, 482.01458740234375, 482.84918212890625, 483.7085876464844, 484.560302734375, 485.3924560546875, 486.1966552734375, 486.98699951171875, 487.7532958984375, 488.50299072265625, 489.2289123535156, 489.92742919921875, 490.5915832519531, 491.2235107421875, 491.8166809082031, 492.3594970703125, 492.85186767578125, 493.3041076660156], "compliance": [0.0003776092366799463, 3.8487783282429877, 0.13264565496751515, 0.17422031793865614, 0.32180098232089427, 0.29049286773529226, 0.4300904934744133, 0.5491303175164534, 0.04306982198356443, 0.21760082720577706, 0.3811459307633442, 0.42524421989762157, 0.46096166596403176, 0.753488897395822, 1.3614854371923464, 0.09904463907467048, 0.1030048723892378, 0.01734459744679601, 0.4492027388687077, 1.3526650107716092, 0.1995022544212715, 0.6828014113710148, 8.170574587752581, 0.7510329610539604, 0.47054165742825654, 0.6166887593542562, 0.6475617794685948, 0.8989646744431712, 1.9620871754341076, 0.4759857852881255, 31.25791381122019, 0.24805193235584216, 0.17589423121568565, 0.7007995125138692, 0.5933230370325844, 0.3131781309833804, 0.4776071907769135, 0.2185798085378024, 0.6630003514582798, 0.44548224898727395, 3.5444976864934317, 0.5185134433138209, 0.04899481033500867, 0.18964025125044212, 0.10131707520258679, 0.016712089231618613, 0.19554692657366018, 0.6688216044017156, 0.29813269843314, 0.10488966084810351, 0.10717977058397363], "stress": [27458.31057189881, 13778924.58177457, 13722043.368629176, 8404182.92060336, 7730716.451915054, 9808351.839604767, 11503979.108654676, 14242604.069078622, 18477944.609477073, 29957477.383949507, 40503902.76011779, 45636140.70918796, 45446251.77965247, 47518261.73214883, 47172887.46238663, 43171188.62647188, 41648617.78064114, 45149986.817104794, 41616383.27532926, 37938558.31221735, 39413798.95205141, 40974499.95470218, 145323638.97861636, 39901583.679486945, 38325123.73710721, 41145019.50880756, 37983539.11591509, 38457524.8638393, 34334112.64321115, 44559887.41823135, 103919988.5474121, 40563127.76317198, 38932218.52732322, 40247106.157008916, 41618902.794083565, 39770969.95571679, 38575747.9013015, 39510090.83351053, 40869172.48370606, 40497933.24148516, 41100997.94829789, 39582270.256864674, 41863620.72097165, 44071245.50215196, 42521225.08872833, 38922093.53882641, 40519669.81223706, 41736563.29359728, 41277027.3596953, 41256065.92813043, 40079576.32734422]}