{"mass": [3321.0, 1025.941162109375, 659.3943481445312, 428.08551025390625, 336.45947265625, 298.5123291015625, 288.5579833984375, 287.5081787109375, 289.1239318847656, 290.72235107421875, 292.004638671875, 293.2449951171875, 294.4718017578125, 295.6842041015625, 296.87213134765625, 298.0123291015625, 299.1304626464844, 300.24267578125, 301.34674072265625, 302.444580078125, 303.49395751953125, 304.4734191894531, 305.374755859375, 306.27459716796875, 307.164306640625, 308.0732421875, 309.00445556640625, 309.931396484375, 310.850830078125, 311.7734069824219, 312.70660400390625, 313.6361999511719, 314.57147216796875, 315.5093994140625, 316.4294738769531, 317.34222412109375, 318.2653503417969, 319.20941162109375, 320.1920166015625, 321.20501708984375, 322.26263427734375, 323.3350830078125, 324.4237976074219, 325.4861755371094, 326.5149230957031, 327.5262451171875, 328.53253173828125, 329.54730224609375, 330.5497741699219, 331.54156494140625, 332.570556640625], "compliance": [0.0002982414104011173, 0.43616626560105726, 0.2633946886184566, 0.0593738135939462, 0.2564084145844878, 0.33137608421759396, 0.013612916187352445, 0.3933663873686602, 0.45813185570582843, 1.612823960119813, 0.07851267544095863, 0.07333816916021789, 0.029498844853795354, 2.199762681325289, 0.07348971647186951, 0.17964832669626046, 0.13760621327017583, 0.22999714553837855, 0.11099876706322837, 0.0825086424836693, 0.36610062234434276, 0.05759589497712557, 0.05068317687956778, 0.02727261138932003, 0.1895216194130251, 0.01227901884929714, 0.021834676971641303, 0.2677494690581675, 0.16539716042180427, 0.045855467373451045, 3.450111697510036, 0.04535332416188934, 0.29127809476814276, 0.007416432340989914, 0.046003923249399455, 0.01821031796444506, 0.011277499384267574, 0.011409362881679687, 0.046607370976252005, 0.08892352451824725, 0.1403995607966875, 0.040155138207468466, 0.037926233900890484, 0.02993228495556498, 0.028867035323418628, 0.07455176747913334, 0.053388342153063886, 0.0350154599630413, 0.06820226875674552, 0.062491813397752345, 0.028697987166513263], "stress": [24571.923333054256, 7315928.479532179, 2937970.6861862377, 5629429.92998193, 4964771.197558567, 4338061.077842234, 4530364.697467461, 3730517.120610836, 3185316.0781742763, 4423987.2646018425, 3061872.2294592867, 2735373.0550989006, 2780818.915733908, 4841853.2792575285, 2544890.100142133, 2734265.4924449027, 2480076.485700632, 2356352.495011498, 1848884.4099667084, 2154320.0980444327, 2047944.568420876, 2107390.0013680584, 2154604.638747851, 2126926.0341258403, 1688845.4313277225, 2003960.2518471223, 1931882.0612454463, 1893834.6585725248, 1872450.8569347227, 1876439.489355561, 2618871.79805572, 2000823.2516797122, 1890972.3318716246, 1593507.6870530962, 1587752.621641037, 1550026.449586393, 1674301.2652046876, 1532467.805256734, 1441596.528589185, 1456266.849752757, 1267480.2999488306, 1389981.65546576, 1448798.5678427196, 1262371.189443473, 1273869.6627052953, 1350577.2628016737, 1195972.454097624, 1148559.5388579299, 1114433.8580561257, 1161534.9079958994, 1105836.801021781]}