{"mass": [5151.0, 1690.2105712890625, 1070.21533203125, 795.2155151367188, 635.7808837890625, 558.5733032226562, 526.7720947265625, 518.588134765625, 518.1692504882812, 519.3133544921875, 520.5523071289062, 521.5652465820312, 521.9603271484375, 522.0054931640625, 521.9810791015625, 521.8426513671875, 521.6875610351562, 521.7207641601562, 522.0526123046875, 522.658447265625, 523.6861572265625, 525.0177612304688, 526.4632568359375, 527.8980102539062, 529.4027099609375, 530.96240234375, 532.6423950195312, 534.3057861328125, 535.9382934570312, 537.5858154296875, 539.240234375, 540.8765869140625, 542.4240112304688, 543.9328002929688, 545.4718017578125, 547.0450439453125, 548.7005615234375, 550.3169555664062, 551.8829956054688, 553.318603515625, 554.6776733398438, 556.0725708007812, 557.4266967773438, 558.7008056640625, 559.9395751953125, 561.1181030273438, 562.2658081054688, 563.4548950195312, 564.673095703125, 565.8367919921875, 566.9945678710938], "compliance": [0.00033051044840201436, 0.9887032996819026, 2.714238204275601, 0.17128913658896877, 0.16154172793143276, 0.1452831212035251, 0.08813394900927393, 0.09663035928044031, 0.06927513954444497, 0.09163930615306431, 0.034212190116701145, 0.06936848276160151, 0.0827025714580188, 0.051039516397799786, 0.15403411267971628, 0.06956919846553035, 0.04578285917849927, 0.02643317611702484, 0.09000010428812374, 0.093543551253976, 0.13577877055029183, 0.09467549622612956, 0.09531336686219581, 0.08416295411010989, 0.03741518593685721, 0.09378049262230216, 0.06769416383506806, 0.0823636786660277, 0.04173447305802246, 0.02533320036662755, 0.055260058772077895, 0.08099281739106931, 0.05393676394532562, 0.05625695857878631, 0.04140815997066059, 0.046108330523656, 0.044151114103381864, 0.04929406045035235, 0.0531717515314642, 0.035548188813627896, 0.053668744606519055, 0.05102661223861604, 0.011387654395709348, 0.07308452762591815, 0.05277741637529681, 0.052997886192215654, 0.07300238804715808, 0.056159697704876006, 0.05045221049607924, 0.10405959788035203, 0.05670400567921085], "stress": [31171.48216021949, 11295708.823536782, 20949813.310556173, 5153293.392879586, 6795285.93091246, 8867728.679322563, 6659977.853909236, 6930098.947694719, 7500965.476013009, 8334300.0332368035, 8412914.085348217, 8665075.454845382, 9387595.322885452, 9973565.071450315, 11100030.87844508, 12262303.515324494, 14293875.505354, 12602003.663922228, 13927913.357764166, 13780044.181916112, 12919491.608255273, 12108241.489598421, 10474458.984853849, 9748143.622568369, 8891757.955058707, 8561567.734254701, 8674975.812116668, 7733044.841957034, 8485004.008701822, 8341099.389597539, 9202130.678377083, 9938419.778506465, 7983611.913433777, 7614052.958081741, 7650946.292222656, 7664011.560683032, 7750977.345258379, 7490245.311106493, 7330944.409476902, 6958996.630774735, 7005973.812552058, 7189453.746975122, 6908965.558204476, 7949253.793072861, 7471703.551449493, 7125443.319552512, 7017592.243665065, 6920779.167927243, 7223788.749426304, 8007108.306195766, 7258387.059641066]}