{"mass": [5151.0, 1597.0941162109375, 1362.857177734375, 1002.268798828125, 848.6306762695312, 749.1280517578125, 691.63134765625, 670.328369140625, 652.3053588867188, 636.12451171875, 623.9295654296875, 615.787841796875, 611.8095092773438, 610.871337890625, 612.8043823242188, 617.07373046875, 621.746337890625, 624.633544921875, 626.9076538085938, 628.8145751953125, 629.8228759765625, 629.6851196289062, 628.6412353515625, 627.1990966796875, 625.4552612304688, 623.6085815429688, 621.8113403320312, 620.14404296875, 619.03466796875, 618.475830078125, 618.2811279296875, 618.3199462890625, 618.489501953125, 618.7542724609375, 619.0765380859375, 619.3775024414062, 619.59521484375, 619.6690063476562, 619.5851440429688, 619.384765625, 619.2012939453125, 619.0277099609375, 618.8778076171875, 618.7452392578125, 618.6483154296875, 618.5904541015625, 618.5488891601562, 618.5042724609375, 618.4660034179688, 618.4549560546875, 618.4782104492188], "compliance": [0.002026355319980102, 1.865380787169809, 2.3756326896775573, 3.8652957955770346, 4.014030316465448, 4.746472737254971, 4.212274124158934, 4.200578114572636, 4.107935926238582, 4.399611617556504, 3.9996107898863853, 4.456143030673058, 4.175685743468763, 4.4353707017179955, 4.31742450542029, 4.378030801107029, 4.736155543358983, 3.9613877365613814, 11.490080289685555, 3.872571053910751, 3.9047963205740195, 3.9207133098946954, 3.8825259859136922, 3.776473444008177, 3.673906550267079, 4.326809352173134, 2.9665380750538817, 3.976282706937969, 4.41057528270715, 3.5614082096544766, 5.103805602285974, 3.8740531012636157, 4.12581752108726, 3.5886881095315752, 3.9980915811340707, 4.094547836416322, 4.007184850324536, 4.03612868619928, 4.6669349982921595, 3.7867852287713504, 4.024902293676772, 3.982054691148202, 3.7035208079080384, 4.130155528320194, 3.969731162224328, 4.167036055114429, 4.122350921902874, 3.9717174084115787, 4.1375722534451445, 4.039050598662447, 3.494466142344927], "stress": [59401.8622096372, 19314476.348873258, 32008143.987128578, 45535398.29055399, 49208524.0653204, 59029613.159449175, 64529878.27503141, 64154001.56859931, 72190508.23524512, 93175729.2550397, 107401902.30371328, 111272354.653369, 107614294.43155484, 107062075.35052478, 106369792.57795909, 104403666.56599061, 103674683.06722686, 102834317.98687416, 395755944.6988263, 105590069.62040691, 106528119.05061617, 107926044.17320774, 110032392.47619382, 142337720.1285869, 125913618.1921147, 126567180.56505999, 117906242.22598691, 112940188.81684059, 114041179.99695738, 109583664.45566492, 110619752.33708443, 105661700.09497362, 111162920.81199533, 107406173.80363889, 112505012.83431925, 111090728.78055666, 112481366.73526563, 112341123.18230377, 110877610.41586834, 114049628.13457161, 115320022.37550904, 113367289.78554437, 113849942.57604125, 113514529.80514109, 114460503.82492834, 115965863.92783925, 113874675.99312587, 112928418.6700533, 107261932.27306134, 111773074.40492286, 110830248.1029897]}