{"mass": [5151.0, 1617.69873046875, 1363.2010498046875, 938.1278076171875, 767.4158325195312, 675.9534301757812, 636.0853881835938, 626.3103637695312, 624.8232421875, 626.234619140625, 628.91015625, 631.8316040039062, 634.0744018554688, 635.6268920898438, 636.7884521484375, 637.8519287109375, 638.9256591796875, 640.0086059570312, 641.0645141601562, 642.1405029296875, 643.2119750976562, 644.2366943359375, 645.2559814453125, 646.2205200195312, 647.2197265625, 648.1944580078125, 649.1477661132812, 650.0775146484375, 651.001220703125, 651.945068359375, 652.9290771484375, 653.84765625, 654.6369018554688, 655.278076171875, 655.802490234375, 656.212158203125, 656.53662109375, 656.812744140625, 657.023193359375, 657.189697265625, 657.2886962890625, 657.3466796875, 657.3738403320312, 657.3821411132812, 657.3790283203125, 657.3497314453125, 657.3228149414062, 657.3319702148438, 657.3739013671875, 657.4454345703125, 657.557861328125], "compliance": [0.0009346297790968929, 0.642089730840812, 3.744398841598857, 1.0997468197931874, 1.442892094536189, 0.2820129546582366, 2.155929501556013, 0.8659442524562404, 1.3244822935796758, 1.1789776256571791, 1.2788226344364335, 2.6140902532428476, 1.8015406785260384, 0.9031108482306697, 2.193068860482458, 0.5858779705559103, 1.7854424133208926, 1.121546748315732, 1.08363062823812, 1.182204895328286, 0.5877327104151324, 0.4393051952475567, 1.335392756767185, 0.47335107875575533, 6.8876145283920795, 0.28323663021307177, 0.8657239162461244, 0.5959597800424186, 0.8208050464084052, 3.8338553553891455, 1.8451419046257318, 0.42425409629465083, 0.7394933960809489, 0.748724253357913, 1.1603873746295246, 1.4833800229468945, 2.5174227637396296, 1.3210224454140684, 2.5429507358809493, 1.4618663872357107, 2.6133805423594914, 0.7301673837871342, 1.211868952076812, 1.4191780115160204, 1.013080637983791, 1.9752753149528708, 1.2127983672818339, 1.3023187662721396, 0.5279321100013326, 1.237649062527893, 0.21140219004417943], "stress": [32262.389316421504, 13207900.075850228, 6369187.125277983, 21756303.093076807, 34943556.681027584, 37517484.076209515, 39063213.99296108, 40689358.78974137, 41211702.77367097, 41636415.076534055, 37204013.89715829, 26165332.843435977, 28419762.989407256, 35554604.56170212, 44841610.298652224, 35716596.83104882, 37837087.2132306, 35358314.232117675, 14919033.502054833, 34355803.26020828, 40884198.25859133, 34854022.78775903, 32402804.832356118, 33747071.690235585, 31334451.2014643, 34512329.59269151, 34212697.09940168, 36619716.26686949, 38343163.70781007, 65133421.640647836, 17019534.83653308, 37282093.497257136, 38641239.134266175, 37021138.56097477, 22487095.412523706, 34712742.08628771, 22265919.38146904, 31697351.589993265, 66254878.51578694, 27363099.243304875, 31075383.394178346, 38185833.37571799, 34868069.86051859, 33948057.94004413, 34033342.95076359, 40149956.35021659, 33602312.979818046, 36119272.32622418, 34260808.803894624, 34388840.00806688, 32169339.660704233]}