{"mass": [5151.0, 1704.4161376953125, 1147.820068359375, 962.9881591796875, 826.8857421875, 770.43896484375, 739.5909423828125, 720.7600708007812, 712.2620849609375, 703.612060546875, 696.29052734375, 691.5371704101562, 688.196044921875, 687.3319091796875, 687.435546875, 687.2432250976562, 687.6100463867188, 687.9185791015625, 688.42333984375, 688.2030029296875, 687.667236328125, 685.8587646484375, 684.358642578125, 682.5621337890625, 679.7157592773438, 678.1148071289062, 677.2161865234375, 676.9078369140625, 677.2371826171875, 677.781982421875, 678.3187255859375, 678.9022216796875, 679.2415771484375, 678.8927001953125, 677.8681640625, 676.57666015625, 675.157470703125, 673.3509521484375, 670.9092407226562, 668.4353637695312, 666.58154296875, 665.427734375, 664.72314453125, 664.685302734375, 665.263916015625, 666.4330444335938, 668.0120239257812, 669.953125, 671.9212646484375, 673.79541015625, 675.607421875], "compliance": [0.0015186104750864874, 1.2853213372930925, 1.4170538593734194, 2.3592500551557887, 3.694245512710835, 4.042181375197389, 3.692337961743833, 4.656851043706738, 2.8669465506985854, 2.538825595199724, 3.8130206961173596, 12.7251896428155, 5.015154921504431, 5.885965746790392, 4.855799471404321, 3.122963936385449, 8.565955358001215, 0.09980108974030605, 4.711326277382497, 0.592413439162118, 3.0662422981724453, 7.929017295970385, 3.6226318255166396, 3.9792162171514267, 5.013134742294173, 0.1285748528180662, 4.060401078933694, 3.273788055800277, 4.556072355787102, 2.666592496155215, 4.584192271884169, 3.6946749652779594, 5.834108267410573, 4.333628936755307, 0.1906252059733754, 1.017196204752786, 6.444441582506083, 7.555634471318897, 4.735927798079043, 4.435087085740405, 4.208803176392639, 2.492970948529462, 0.25185406535188815, 15.727246652726947, 3.7682703383266425, 4.393171014282994, 4.709068979405519, 5.188408031516662, 3.3709376425819753, 0.5784823630076021, 0.17943599940248722], "stress": [77989.36488202354, 21591211.45766432, 50678191.881458126, 92178688.73619866, 108805608.53637862, 108369105.31261298, 109144192.0608693, 105496494.02685092, 102419777.63511461, 106272008.2347048, 164006717.67292464, 386071426.11217886, 123209841.95658301, 132371579.93856813, 126709235.78646038, 130924185.3831789, 134519467.2972999, 141507876.17134628, 140571144.44710556, 129136749.47673948, 136843801.94632152, 149589738.85506105, 139626683.70712292, 139259528.56103158, 139971556.82261184, 151149060.26394176, 135744255.64282095, 135377377.23134094, 139727547.69639018, 136372999.75312614, 137012870.80052567, 139441998.43410403, 136887733.75198618, 139013752.23194897, 124003826.26782343, 150356845.81741726, 145701055.03334135, 141209400.56665757, 140170278.64023614, 139284937.5563497, 146958939.81601396, 146396770.41673237, 116132562.71446528, 64633836.24224808, 140403478.2537115, 139081679.1980599, 140125065.19419488, 140368715.23460114, 139656524.47543827, 169373808.45192224, 129100785.89425012]}