{"mass": [5151.0, 1656.31201171875, 985.2009887695312, 698.295166015625, 561.0843505859375, 509.70648193359375, 492.97216796875, 488.69317626953125, 488.01922607421875, 487.8897705078125, 488.35015869140625, 489.675537109375, 492.04522705078125, 494.516845703125, 496.7076721191406, 498.4801330566406, 499.990966796875, 501.2674560546875, 502.3639831542969, 503.3778076171875, 504.3935546875, 505.4744567871094, 506.56622314453125, 507.5849304199219, 508.549072265625, 509.42169189453125, 510.20196533203125, 510.9248352050781, 511.6853942871094, 512.491943359375, 513.25634765625, 513.9481811523438, 514.584228515625, 515.1868896484375, 515.7750244140625, 516.3741455078125, 517.0123291015625, 517.702392578125, 518.3783569335938, 519.0073852539062, 519.5848388671875, 520.1378173828125, 520.7022705078125, 521.2764892578125, 521.8101806640625, 522.35791015625, 522.9840087890625, 523.6690063476562, 524.3877563476562, 525.121337890625, 525.805908203125], "compliance": [5.3453239807056826e-05, 0.012503422456482973, 0.03077927923134859, 0.027554779414909754, 0.039001321465122904, 0.021554258710018558, 0.05244323676422598, 0.018300450767125807, 0.021381208180888196, 0.01972959562255055, 0.01787242423294415, 0.015361888123696314, 0.016857200597334327, 0.008465199260481268, 0.01615645269119411, 0.017114843909963977, 0.01547771875510372, 0.012308154498505766, 0.022792334792513115, 0.013936351981084233, 0.017277905034725212, 0.018007403735076977, 0.009700059928591678, 0.013931785938812743, 0.013445022643577494, 0.017072125027176775, 0.01645582565889491, 0.016918247969143846, 0.011565303718990115, 0.008888210309623303, 0.015986191576612945, 0.012848574992007979, 0.01171529394558001, 0.001560952492653016, 0.009197757358216964, 0.02642582412055382, 0.01082475661416304, 0.014375633988959895, 0.010350524542897744, 0.005544359073134153, 0.0027083457639556826, 0.008865612407517683, 0.010159092567075968, 0.0108501023928842, 0.009982010597394557, 0.0016795296804419382, 0.008757183290223557, 0.007522280364679714, 0.008746464299233078, 0.013384118433689975, 0.00916181328045385], "stress": [12348.00279843208, 3734967.681409983, 2907228.5063133105, 4466005.105912528, 5703734.836161973, 6086462.178768181, 6535640.0737434095, 6045509.117607494, 6001209.415243379, 5786141.567954005, 5629572.6913105985, 5399945.704245979, 5149938.9382342035, 4048000.446589116, 4741974.674266518, 4537351.555917248, 4620888.969679071, 4571873.51850128, 4475246.684784206, 4438317.374836072, 4493676.714617058, 4507484.527796843, 4429936.1481646625, 4336342.0938110165, 4376590.395187496, 4173616.161185924, 4317511.554955749, 4347071.956720147, 4228685.166282374, 4197420.083998309, 4175713.3278038455, 4051024.972175179, 3828209.1773226596, 3844453.2657743073, 3846377.4642830845, 3372700.606939645, 3805316.4337849836, 3780333.516113822, 4110727.400715621, 3672514.2213550415, 3369284.729290554, 3531982.607709276, 3477863.7373670675, 3406020.9723287057, 3400930.842529805, 3117609.4238169016, 3283572.096039888, 3227009.8936221367, 3262167.9948026016, 2898522.2139755543, 3050749.7398126605]}