{"mass": [5151.0, 1631.086181640625, 1017.5792236328125, 812.6007080078125, 657.4483642578125, 558.1273193359375, 505.75390625, 477.9672546386719, 462.4361877441406, 455.21533203125, 452.13116455078125, 450.77301025390625, 449.92327880859375, 449.21527099609375, 448.56549072265625, 447.89453125, 447.26165771484375, 446.76666259765625, 446.547607421875, 446.4961853027344, 446.57281494140625, 446.70538330078125, 446.8612365722656, 446.9971618652344, 447.1478271484375, 447.293212890625, 447.4161376953125, 447.513916015625, 447.59619140625, 447.65631103515625, 447.6964416503906, 447.7200927734375, 447.7154235839844, 447.7029724121094, 447.7117919921875, 447.7423095703125, 447.78704833984375, 447.8421325683594, 447.905517578125, 447.97216796875, 448.03729248046875, 448.09844970703125, 448.15557861328125, 448.203125, 448.2451477050781, 448.2846984863281, 448.32171630859375, 448.35662841796875, 448.38671875, 448.40936279296875, 448.42547607421875], "compliance": [0.0015441266564295154, 0.6541103867633394, 0.7328625391119236, 2.551600150425093, 2.5444742801231355, 3.1031299440748397, 3.5619535270583405, 3.344956557072174, 3.3891983030404975, 3.371150641159391, 9.522071590342042, 3.5802439845165552, 3.5879345530527647, 3.410050727180329, 2.761794833478993, 3.4567884110166904, 3.3887702998343516, 3.153332994798285, 3.3876467115872453, 3.694112239536739, 3.2149072415703537, 3.5731624521480945, 3.294057193894111, 3.344738497351813, 2.4902112851940257, 3.2150994046038592, 3.4830626584681856, 3.164447804600593, 0.5310916298100054, 3.400261066903657, 3.432798057394533, 3.595967093845488, 3.3668187363607336, 3.445951521952641, 2.6204746243197823, 11.066587690901699, 3.2284567857835444, 3.335405553424398, 3.3087306554215723, 3.0125007188768125, 3.235551960682717, 3.26277828741199, 3.242807651868909, 3.3877140496088183, 3.519633932264696, 3.2834324931628447, 3.779544643279075, 3.1448455925095082, 3.164084798349287, 3.4539356184126073, 1.8159714922729875], "stress": [53996.83832274327, 8071034.584070798, 36341166.77545573, 54838269.631358914, 70576229.92217809, 66511264.453969665, 74674408.77841656, 68263620.8918097, 68541380.28933437, 68214084.2570794, 146877720.03182214, 70537336.30093096, 68547654.74319342, 69005060.86370638, 74745724.65644385, 71260974.61772457, 72476302.10126975, 73328333.35075, 72618218.10232674, 75647009.70182127, 70281277.9672666, 69579817.05172388, 72940701.61027762, 71125036.49776593, 66309278.79115457, 73730066.83107099, 73867758.70760195, 75870733.3727584, 91887330.99846548, 67684710.26500595, 72047852.7984056, 68246277.42837602, 76785577.08443919, 72775644.6887777, 62778161.84377488, 112332745.80864342, 72929439.09400421, 72781274.20131648, 71620267.13830765, 72447288.95598988, 71341387.76107064, 70911874.81749675, 73775614.2644238, 74299975.8495147, 72982253.58184916, 71696216.37246677, 78934896.14825873, 71997948.9984354, 73132401.49626079, 71681576.20168132, 66112752.57507619]}