{"mass": [5151.0, 1724.57568359375, 1084.892822265625, 803.1532592773438, 656.2500610351562, 597.0955810546875, 579.285400390625, 576.7626953125, 578.3950805664062, 580.8075561523438, 583.0525512695312, 584.9640502929688, 586.653564453125, 588.380615234375, 590.0562133789062, 591.6307983398438, 593.1995849609375, 594.7069091796875, 596.1455688476562, 597.470458984375, 598.6453857421875, 599.7290649414062, 600.728271484375, 601.6520385742188, 602.5506591796875, 603.4354858398438, 604.3312377929688, 605.2537841796875, 606.218994140625, 607.2374877929688, 608.2783813476562, 609.3369140625, 610.4034423828125, 611.498291015625, 612.6400146484375, 613.7589721679688, 614.802490234375, 615.7648315429688, 616.6416625976562, 617.4490966796875, 618.1543579101562, 618.7860107421875, 619.3761596679688, 619.9276733398438, 620.458984375, 620.9814453125, 621.4947509765625, 622.002197265625, 622.4834594726562, 622.9249267578125, 623.3489379882812], "compliance": [0.0008304108368588798, 0.7005524490006777, 0.054308404142273344, 1.295242997059494, 6.31536740228612, 0.9776743482594475, 0.7803211371169394, 1.4197069004094862, 2.1069354211824813, 0.7788813733604691, 0.6349463752982805, 0.339283632148506, 0.6225964198835174, 1.9276566289689887, 0.89701952490703, 0.40226964829191086, 0.818317538200438, 0.5236335712358579, 0.5578310876202958, 0.660921981335905, 0.533475188019389, 0.5922518557517901, 0.5360637606484995, 0.5656299994149339, 0.4450197266615169, 0.09173394787369696, 0.8612108499988798, 0.5863406831791224, 0.16388769630447353, 2.22184316933388, 1.4950272511219656, 0.2709577130856335, 0.2969337319494392, 0.3983594958455682, 0.44453356201309396, 0.8659328243142221, 0.4080720984951482, 0.3545168012812357, 0.3823830304923238, 0.40971651605851683, 0.18361469502790054, 0.36014230667871694, 0.3847417520150251, 0.34509449306066114, 0.19567805444799163, 0.35487246613562423, 0.3602642551824175, 0.22838395390832228, 0.3244463637111571, 0.16396209575496007, 0.015613170704919483], "stress": [31096.98287164412, 7681246.639794204, 17933921.73718224, 19064687.129041128, 14198436.06367474, 22705360.325103186, 23911355.75600849, 23391443.73410431, 9209379.562216211, 22173067.521111477, 22622740.58640962, 18897249.855701126, 20293340.441110097, 14541739.97926552, 17146195.696632896, 18529155.29393535, 21254764.571936686, 17760469.54136476, 17523386.561701037, 16947471.87994717, 16893255.984226875, 17724869.27171465, 16351757.05843364, 16347468.197385719, 15787547.203392228, 15641254.68600168, 16313810.226443257, 13990618.82151912, 14706828.554021308, 6341013.800397736, 7832978.069929278, 14263433.947408758, 14195034.769951213, 14382700.554680225, 13779573.119409481, 15196318.0147733, 12864925.707849806, 12476833.720569493, 12702520.214186132, 12330193.246707827, 12134917.109985126, 12417164.155838517, 11998204.41642278, 12698605.6529769, 10942809.423882183, 11976539.400303151, 11979929.26021722, 11674482.352095518, 11861942.212086853, 11768887.985790186, 11778674.537964316]}