{"mass": [5151.0, 1660.697021484375, 1192.405517578125, 838.4619140625, 670.654052734375, 600.5259399414062, 568.8660888671875, 543.3812255859375, 529.899169921875, 522.6861572265625, 517.3389282226562, 513.7785034179688, 510.939453125, 508.01092529296875, 505.36932373046875, 502.6150207519531, 499.25396728515625, 496.1495361328125, 493.27252197265625, 490.4145202636719, 487.56976318359375, 484.8321228027344, 482.5140380859375, 480.7015075683594, 479.26959228515625, 478.0378723144531, 477.0347900390625, 476.18731689453125, 475.4306945800781, 474.6854248046875, 474.1046142578125, 473.56658935546875, 473.00390625, 472.40765380859375, 471.7811279296875, 471.17864990234375, 470.57452392578125, 469.9405517578125, 469.2355041503906, 468.49566650390625, 467.7855529785156, 467.0831604003906, 466.37548828125, 465.6639099121094, 465.0238342285156, 464.27984619140625, 463.281005859375, 462.114990234375, 460.8733825683594, 459.58819580078125, 458.1765441894531], "compliance": [0.0006182923995044146, 0.7260313407697601, 0.9961996408139332, 12.96960446033367, 27.653761446872274, 0.9491925323291256, 1.150388501231428, 4.875573108650621, 1.553271544390188, 0.5096779023177573, 1.836082496510848, 6.592410899460366, 2.3786924018020663, 2.418822589611264, 4.4192763875309975, 2.46834874690976, 1.1667602019527301, 0.5551066156887297, 84.52776678098641, 3.1510685516910875, 5.986142214865155, 1.2454140506667537, 8.977911443857082, 1.0979104747157384, 4.346391737643895, 0.09793535030888262, 3.744371493871865, 3.181045795514762, 3.6509469304917053, 670.4494604769583, 3.759425683588998, 1.4685462168794916, 4.079735843279737, 24.87135759583116, 5.995232538420597, 0.6609552670947835, 16.27244204869305, 1.7446252484351499, 1.6099534621103593, 1.314761669184671, 3.5327683037440947, 1.8260555202273772, 2.6645824403837013, 1.489049867424872, 55.950714088890095, 42.147081056563465, 0.14483402356899386, 2.235647611257103, 0.3349641878846725, 3.0121772012603825, 0.009100703781393769], "stress": [44814.66733182102, 12568392.537132518, 14211197.685932402, 29038355.975539435, 111058276.79531816, 42121723.447093114, 43555771.91628478, 36033334.678259544, 49769705.99266404, 46227671.10640771, 55922615.44401898, 70633029.39016785, 47267641.545277715, 62721316.57643341, 70972092.64403613, 53995360.24708469, 48257391.45746861, 46636410.31506757, 230532013.0729118, 52883730.50533529, 49198957.098875426, 50382964.69505578, 50642958.739591114, 52392567.81645304, 41484508.3882554, 49805318.24504438, 63388045.268469974, 58337827.29460233, 55203229.15697068, 2460261202.401314, 51164056.782475956, 53814099.37872347, 69011079.28013375, 125266563.32865974, 59983542.329853676, 55148275.932567194, 81570508.65220587, 59645552.90221331, 60851120.032798596, 41296683.63189551, 51697082.43564064, 69206762.55088663, 56990402.880361125, 52032747.86539949, 148355548.09056744, 96765096.78553621, 51533592.253628194, 56280477.260656126, 54366434.293927155, 54881635.92582596, 52509899.27638849]}