{"mass": [3321.0, 1093.455322265625, 1160.0953369140625, 742.7948608398438, 596.8511962890625, 539.365478515625, 483.54913330078125, 457.6344909667969, 441.3021545410156, 429.02899169921875, 423.28466796875, 418.7069091796875, 415.32733154296875, 413.18206787109375, 412.4469299316406, 412.72003173828125, 413.10894775390625, 413.420654296875, 413.67047119140625, 413.7627258300781, 414.0809326171875, 415.1570129394531, 416.814697265625, 418.5465087890625, 420.1043701171875, 421.3069763183594, 422.3647155761719, 423.4149475097656, 424.41064453125, 425.27716064453125, 425.9903259277344, 426.5850830078125, 427.0727233886719, 427.5423889160156, 428.0207214355469, 428.5513000488281, 429.0775451660156, 429.5298156738281, 430.00946044921875, 430.4634704589844, 431.05487060546875, 431.79150390625, 432.6273498535156, 433.46783447265625, 434.2075500488281, 434.90216064453125, 435.5523681640625, 436.25177001953125, 437.07208251953125, 437.9468688964844, 438.8677673339844], "compliance": [0.003412106526813544, 2.2950497140643336, 0.8141369054561103, 1.4359453703840508, 2.5853250575110778, 2.07837067794996, 2.203157913890951, 1.9316358359884123, 1.6835059546424098, 1.2317742788141222, 1.2395447004636582, 1.5071637279190537, 1.5441584101742205, 1.4675425619277842, 2.04215828594218, 1.3806665872406838, 1.8452103376594862, 0.8521859996013378, 1.091120295141373, 1.1215250270381283, 1.230280037480281, 1.4690498646886727, 1.1791719204446263, 1.1908299157567095, 1.1265852202456705, 1.455364978397425, 1.1228554565166244, 0.43199119573778677, 1.059791145150204, 0.8509410314787257, 1.189752686556994, 0.7700605798062062, 0.8342996484198002, 1.1827930930960187, 1.193710369713755, 1.0006774420200004, 0.9177746589240569, 1.9276702500112965, 0.8256725199094405, 1.1695101903783292, 1.058601442641273, 0.6451187050243334, 0.6453596177512649, 0.8809319504729778, 1.0393277079380787, 1.3798690223119365, 2.571605746276115, 1.0162434405958305, 0.8779686516037909, 0.6522979452519113, 0.7120043657215092], "stress": [51480.649724819225, 21379664.727521308, 7330960.089659969, 27779672.285375714, 45964515.33118042, 37590041.80570942, 38613524.749660365, 35305182.89140558, 29279239.449570436, 23880286.754558433, 22761209.226202473, 21552855.061843775, 20583261.09061915, 20994104.88812479, 20403521.821880717, 19955864.16122665, 22181952.74466297, 18147561.8540443, 19922866.132635064, 19859011.87399952, 17932598.106861897, 19627604.802618884, 18274851.048931967, 18281794.481617596, 18511778.747842304, 18695716.548629113, 16935724.032736883, 17284335.441751517, 16954278.24363609, 17128260.55453115, 18220140.635940842, 15751555.732731486, 16113608.196215652, 17132157.718204204, 16905680.1510188, 16058115.586393923, 15658840.726326799, 17565262.496689215, 14875548.62874691, 14274586.302954827, 15265160.371904163, 16464976.368139694, 14312672.562786555, 14762160.974451145, 14613134.584170658, 12177900.037497822, 18271032.285987545, 14997391.85698955, 15055328.779198617, 14874457.544169044, 15087316.371479362]}