{"mass": [5151.0, 1532.176025390625, 1023.8148193359375, 691.8006591796875, 528.925537109375, 447.20880126953125, 412.2351989746094, 396.3545227050781, 390.0077209472656, 389.5963134765625, 392.2537536621094, 395.48175048828125, 398.3194274902344, 400.768798828125, 403.0149841308594, 405.0756530761719, 407.03179931640625, 408.71502685546875, 410.110107421875, 411.274658203125, 412.26788330078125, 413.106201171875, 413.795654296875, 414.3868408203125, 414.8768310546875, 415.27581787109375, 415.6038513183594, 415.9536437988281, 416.3739318847656, 416.83697509765625, 417.37615966796875, 417.9117736816406, 418.4507751464844, 418.965576171875, 419.435791015625, 419.8595275878906, 420.23614501953125, 420.5589904785156, 420.85107421875, 421.1056823730469, 421.2920227050781, 421.379638671875, 421.4200439453125, 421.39825439453125, 421.32330322265625, 421.22967529296875, 421.10546875, 420.9555969238281, 420.7987060546875, 420.6170959472656, 420.3455505371094], "compliance": [0.0011429903985235104, 0.8521374656718386, 0.5415755786274974, 5.430700276597496, 2.8619482866940293, 0.769159443581632, 1.597593857531926, 0.7606499612006995, 1.030864006177302, 1.1762939481814763, 1.455371544173657, 0.20232543007363693, 1.203882226504888, 1.268150189509384, 0.41298902600077425, 2.110913110580446, 0.3103017353982805, 3.622816439352149, 1.2592092004384705, 1.4358035361687127, 51.325506948712444, 4.758770248676301, 0.19555091281224962, 0.6846715577098613, 0.09535765843398072, 1.9004656423799067, 1.205218067093654, 0.8147408725638251, 0.46877327902589333, 0.35581948256521095, 2.9280696277640925, 0.4878424557046399, 0.1339091763865542, 0.6861108010729537, 6.39816136637697, 0.3222123394448535, 1.9797581447397263, 1.249852166078181, 1.1287861079281194, 1.541027822668285, 2.906710960151104, 0.8412656922729151, 0.33210139956099805, 2.172679280341012, 0.8418904137583914, 1.1783286725820343, 12.581439286337794, 16.241256181137217, 1.7175163891599758, 1.3433167915721147, 0.19512730748679755], "stress": [75835.19722803793, 17118022.915815227, 20647442.728852406, 29826651.021407712, 38802034.553263605, 35884597.566282004, 32005073.458010174, 29209150.804442763, 25281321.582630884, 25711033.545018543, 24454590.744917728, 25792367.25492845, 23580025.090971887, 22727194.061517987, 27882945.62099625, 17839633.610819202, 23440362.843044538, 21310596.827587843, 22784768.00629201, 22327949.9124039, 78441420.63918133, 22878604.409366645, 20462872.549888413, 21267450.251336053, 20607599.414016645, 21887922.67173911, 21380988.688944954, 22015722.66178254, 15522411.191908102, 21041386.30454707, 6395103.07205506, 21390157.883357733, 20709300.363465834, 19834768.179936204, 20874284.043365967, 22364881.899419766, 23351427.70387993, 20158339.752140876, 19740889.66648153, 21508915.183413036, 9746146.968531758, 18774394.00709196, 22152273.141000837, 22535693.496508393, 33766246.70613406, 19813221.46963713, 13472654.312094808, 45722406.39956011, 21448610.260115508, 20467920.517774094, 22593677.358029485]}